,Date,Month-Year,Warehouse Code,Warehouse Name,Warehouse Country,Warehouse City,Customer Code,Customer Country,Customer City,Location,GPS 1,GPS 2,Road,Rail,Sea,Air,Order Number,Units,KG,CO2Air,CO2Sea,CO2Road,CO2Rail,CO2 Total
0,2021-01-04 00:00:00.000,1-2021,3403434,WAREHOUSE PARIS AREA 1,FRANCE,CHALONS-EN-CHAMPAGNE,5002915-15,FRANCE,LES ANGLES,"FRANCE, LES ANGLES",42.5796783,2.04895,765.728,0.0,0.0,0.0,20247100,2.0,113.168,0.0,0.0,8.318967005184,0.0,8.318967005184
1,2021-01-07 00:00:00.000,1-2021,3403434,WAREHOUSE PARIS AREA 1,FRANCE,CHALONS-EN-CHAMPAGNE,5340669-69,GERMANY,PEINE - WOLTORF,"GERMANY, PEINE - WOLTORF",52.304594,10.3125211,856.0,0.0,0.0,0.0,20203388,153.0,2530.3247100000003,0.0,0.0,207.93196336896006,0.0,207.93196336896006
2,2021-01-07 00:00:00.000,1-2021,3403434,WAREHOUSE PARIS AREA 1,FRANCE,CHALONS-EN-CHAMPAGNE,5340672-72,FRANCE,BELLEVILLE,"FRANCE, BELLEVILLE",48.8711841,2.3866818,52.694,0.0,0.0,0.0,20203383,128.0,2116.87296,0.0,0.0,10.708464360407042,0.0,10.708464360407042
3,2021-01-07 00:00:00.000,1-2021,3403434,WAREHOUSE PARIS AREA 1,FRANCE,CHALONS-EN-CHAMPAGNE,5397843-43,FRANCE,SUCY EN BRIE,"FRANCE, SUCY EN BRIE",48.7688096,2.537369,281.488,0.0,0.0,0.0,20258239,2771.0,71.45232,0.0,0.0,1.9308451826073603,0.0,1.9308451826073603
4,2021-01-08 00:00:00.000,1-2021,3403434,WAREHOUSE PARIS AREA 1,FRANCE,CHALONS-EN-CHAMPAGNE,5003451-51,FRANCE,LEVALLOIS PERRET,"FRANCE, LEVALLOIS PERRET",48.8946404,2.2874191,295.165,0.0,0.0,0.0,21000061,2125.0,111.952,0.0,0.0,3.1722539596800003,0.0,3.1722539596800003
5,2021-01-08 00:00:00.000,1-2021,3403434,WAREHOUSE PARIS AREA 1,FRANCE,CHALONS-EN-CHAMPAGNE,5029913-13,FRANCE,MOISSY-CRAMAYEL,"FRANCE, MOISSY-CRAMAYEL",48.6246665,2.5957563,288.437,0.0,0.0,0.0,20258208,17466.0,605.0640999999999,0.0,0.0,16.754195885923203,0.0,16.754195885923203
6,2021-01-08 00:00:00.000,1-2021,3403434,WAREHOUSE PARIS AREA 1,FRANCE,CHALONS-EN-CHAMPAGNE,5340672-72,FRANCE,BELLEVILLE,"FRANCE, BELLEVILLE",48.8711841,2.3866818,52.694,0.0,0.0,0.0,20203327,8460.0,593.088,0.0,0.0,3.0002091909120003,0.0,3.0002091909120003
7,2021-01-08 00:00:00.000,1-2021,3403434,WAREHOUSE PARIS AREA 1,FRANCE,CHALONS-EN-CHAMPAGNE,5340672-72,FRANCE,BELLEVILLE,"FRANCE, BELLEVILLE",48.8711841,2.3866818,52.694,0.0,0.0,0.0,20203395,12162.0,961.2384,0.0,0.0,4.8625436399616,0.0,4.8625436399616
8,2021-01-11 00:00:00.000,1-2021,3403434,WAREHOUSE PARIS AREA 1,FRANCE,CHALONS-EN-CHAMPAGNE,5293132-32,FRANCE,HERLIN LE SEC,"FRANCE, HERLIN LE SEC",50.3544288,2.3317656,353.59,0.0,0.0,0.0,21000301,822.0,29.963699999999996,0.0,0.0,1.0171070095679997,0.0,1.0171070095679997
9,2021-01-11 00:00:00.000,1-2021,3403434,WAREHOUSE PARIS AREA 1,FRANCE,CHALONS-EN-CHAMPAGNE,5340669-69,GERMANY,PEINE - WOLTORF,"GERMANY, PEINE - WOLTORF",52.304594,10.3125211,856.0,0.0,0.0,0.0,20203403,10200.0,407.15999999999997,0.0,0.0,33.458780159999996,0.0,33.458780159999996
10,2021-01-12 00:00:00.000,1-2021,3403434,WAREHOUSE PARIS AREA 1,FRANCE,CHALONS-EN-CHAMPAGNE,5029913-13,FRANCE,MOISSY-CRAMAYEL,"FRANCE, MOISSY-CRAMAYEL",48.6246665,2.5957563,288.437,0.0,0.0,0.0,21000427,960.0,71.03999999999999,0.0,0.0,1.96709419008,0.0,1.96709419008
11,2021-01-12 00:00:00.000,1-2021,3403434,WAREHOUSE PARIS AREA 1,FRANCE,CHALONS-EN-CHAMPAGNE,5293132-32,FRANCE,HERLIN LE SEC,"FRANCE, HERLIN LE SEC",50.3544288,2.3317656,353.59,0.0,0.0,0.0,20245714,4.0,83.1934,0.0,0.0,2.823970013376,0.0,2.823970013376
12,2021-01-12 00:00:00.000,1-2021,3403434,WAREHOUSE PARIS AREA 1,FRANCE,CHALONS-EN-CHAMPAGNE,5340672-72,FRANCE,BELLEVILLE,"FRANCE, BELLEVILLE",48.8711841,2.3866818,52.694,0.0,0.0,0.0,20203348,6502.0,449.3504,0.0,0.0,2.2730947178496,0.0,2.2730947178496
13,2021-01-12 00:00:00.000,1-2021,3403434,WAREHOUSE PARIS AREA 1,FRANCE,CHALONS-EN-CHAMPAGNE,5340672-72,FRANCE,BELLEVILLE,"FRANCE, BELLEVILLE",48.8711841,2.3866818,52.694,0.0,0.0,0.0,20203402,10200.0,407.15999999999997,0.0,0.0,2.05966934784,0.0,2.05966934784
14,2021-01-13 00:00:00.000,1-2021,3403434,WAREHOUSE PARIS AREA 1,FRANCE,CHALONS-EN-CHAMPAGNE,5029913-13,FRANCE,MOISSY-CRAMAYEL,"FRANCE, MOISSY-CRAMAYEL",48.6246665,2.5957563,288.437,0.0,0.0,0.0,21000584,17260.0,726.1823999999999,0.0,0.0,20.1079557992448,0.0,20.1079557992448
15,2021-01-14 00:00:00.000,1-2021,3403434,WAREHOUSE PARIS AREA 1,FRANCE,CHALONS-EN-CHAMPAGNE,5003269-69,FRANCE,MACON,"FRANCE, MACON",48.878552,2.2801174,478.723,0.0,0.0,0.0,21000869,184.0,13.967999999999998,0.0,0.0,0.6419330749439999,0.0,0.6419330749439999
16,2021-01-14 00:00:00.000,1-2021,3403434,WAREHOUSE PARIS AREA 1,FRANCE,CHALONS-EN-CHAMPAGNE,5003474-74,FRANCE,ORLY,"FRANCE, ORLY",48.7402273,2.402965,287.11,0.0,0.0,0.0,21000857,370.0,13.4283,0.0,0.0,0.3701183244480001,0.0,0.3701183244480001
17,2021-01-18 00:00:00.000,1-2021,3403434,WAREHOUSE PARIS AREA 1,FRANCE,CHALONS-EN-CHAMPAGNE,5003451-51,FRANCE,LEVALLOIS PERRET,"FRANCE, LEVALLOIS PERRET",48.8946404,2.2874191,295.165,0.0,0.0,0.0,21001785,2070.0,117.53532999999999,0.0,0.0,3.3304623052271998,0.0,3.3304623052271998
18,2021-01-18 00:00:00.000,1-2021,3403434,WAREHOUSE PARIS AREA 1,FRANCE,CHALONS-EN-CHAMPAGNE,5003476-76,FRANCE,VITRY SUR SEINE,"FRANCE, VITRY SUR SEINE",48.7892629,2.395103,284.851,0.0,0.0,0.0,21001330,4039.0,165.49034999999998,0.0,0.0,4.5254488020335994,0.0,4.5254488020335994
19,2021-01-19 00:00:00.000,1-2021,3403434,WAREHOUSE PARIS AREA 1,FRANCE,CHALONS-EN-CHAMPAGNE,115-15,FRANCE,CLICHY CEDEX,"FRANCE, CLICHY CEDEX",48.9040993,2.3041229,293.858,0.0,0.0,0.0,21000061,63.0,13.798599999999999,0.0,0.0,0.3892635838848,0.0,0.3892635838848
20,2021-01-19 00:00:00.000,1-2021,3403434,WAREHOUSE PARIS AREA 1,FRANCE,CHALONS-EN-CHAMPAGNE,5002915-15,FRANCE,LES ANGLES,"FRANCE, LES ANGLES",42.5796783,2.04895,765.728,0.0,0.0,0.0,21002048,993.0,111.828,0.0,0.0,8.220463755264,0.0,8.220463755264
21,2021-01-19 00:00:00.000,1-2021,3403434,WAREHOUSE PARIS AREA 1,FRANCE,CHALONS-EN-CHAMPAGNE,5002915-15,FRANCE,LES ANGLES,"FRANCE, LES ANGLES",42.5796783,2.04895,765.728,0.0,0.0,0.0,21002514,2057.0,67.0285,0.0,0.0,4.927257527807999,0.0,4.927257527807999
22,2021-01-19 00:00:00.000,1-2021,3403434,WAREHOUSE PARIS AREA 1,FRANCE,CHALONS-EN-CHAMPAGNE,5397843-43,FRANCE,SUCY EN BRIE,"FRANCE, SUCY EN BRIE",48.7688096,2.537369,281.488,0.0,0.0,0.0,21002928,3011.0,123.82406,0.0,0.0,3.3460787521228803,0.0,3.3460787521228803
23,2021-01-20 00:00:00.000,1-2021,3403434,WAREHOUSE PARIS AREA 1,FRANCE,CHALONS-EN-CHAMPAGNE,5006517-17,FRANCE,SERRIS,"FRANCE, SERRIS",48.8453093,2.7873016,256.25,0.0,0.0,0.0,21002317,488.0,35.873999999999995,0.0,0.0,0.8825004,0.0,0.8825004
24,2021-01-20 00:00:00.000,1-2021,3403434,WAREHOUSE PARIS AREA 1,FRANCE,CHALONS-EN-CHAMPAGNE,5029913-13,FRANCE,MOISSY-CRAMAYEL,"FRANCE, MOISSY-CRAMAYEL",48.6246665,2.5957563,288.437,0.0,0.0,0.0,21002923,19687.0,765.0996999999999,0.0,0.0,21.185573968214396,0.0,21.185573968214396
25,2021-01-20 00:00:00.000,1-2021,3403434,WAREHOUSE PARIS AREA 1,FRANCE,CHALONS-EN-CHAMPAGNE,5340669-69,GERMANY,PEINE - WOLTORF,"GERMANY, PEINE - WOLTORF",52.304594,10.3125211,856.0,0.0,0.0,0.0,21000019,11730.0,1019.904,0.0,0.0,83.81163110399999,0.0,83.81163110399999
26,2021-01-26 00:00:00.000,1-2021,3403434,WAREHOUSE PARIS AREA 1,FRANCE,CHALONS-EN-CHAMPAGNE,5029913-13,FRANCE,MOISSY-CRAMAYEL,"FRANCE, MOISSY-CRAMAYEL",48.6246665,2.5957563,288.437,0.0,0.0,0.0,21003871,4140.0,265.09499999999997,0.0,0.0,7.34046782544,0.0,7.34046782544
27,2021-01-27 00:00:00.000,1-2021,3403434,WAREHOUSE PARIS AREA 1,FRANCE,CHALONS-EN-CHAMPAGNE,5340672-72,FRANCE,BELLEVILLE,"FRANCE, BELLEVILLE",48.8711841,2.3866818,52.694,0.0,0.0,0.0,21000117,9600.0,416.88,0.0,0.0,2.10883917312,0.0,2.10883917312
28,2021-01-28 00:00:00.000,1-2021,3403434,WAREHOUSE PARIS AREA 1,FRANCE,CHALONS-EN-CHAMPAGNE,5003451-51,FRANCE,LEVALLOIS PERRET,"FRANCE, LEVALLOIS PERRET",48.8946404,2.2874191,295.165,0.0,0.0,0.0,21004566,2432.0,111.86329999999998,0.0,0.0,3.1697405706720003,0.0,3.1697405706720003
29,2021-01-28 00:00:00.000,1-2021,3403434,WAREHOUSE PARIS AREA 1,FRANCE,CHALONS-EN-CHAMPAGNE,5029913-13,FRANCE,MOISSY-CRAMAYEL,"FRANCE, MOISSY-CRAMAYEL",48.6246665,2.5957563,288.437,0.0,0.0,0.0,21004423,28276.0,975.0156999999999,0.0,0.0,26.9981379322464,0.0,26.9981379322464
30,2021-02-02 00:00:00.000,1-2021,3403434,WAREHOUSE PARIS AREA 1,FRANCE,CHALONS-EN-CHAMPAGNE,5029913-13,FRANCE,MOISSY-CRAMAYEL,"FRANCE, MOISSY-CRAMAYEL",48.6246665,2.5957563,288.437,0.0,0.0,0.0,21005070,2400.0,269.28,0.0,0.0,7.456350274559999,0.0,7.456350274559999
31,2021-02-03 00:00:00.000,1-2021,3403434,WAREHOUSE PARIS AREA 1,FRANCE,CHALONS-EN-CHAMPAGNE,5029913-13,FRANCE,MOISSY-CRAMAYEL,"FRANCE, MOISSY-CRAMAYEL",48.6246665,2.5957563,288.437,0.0,0.0,0.0,21005182,15652.0,647.3319,0.0,0.0,17.9245892390688,0.0,17.9245892390688
32,2021-02-04 00:00:00.000,1-2021,3403434,WAREHOUSE PARIS AREA 1,FRANCE,CHALONS-EN-CHAMPAGNE,5003451-51,FRANCE,LEVALLOIS PERRET,"FRANCE, LEVALLOIS PERRET",48.8946404,2.2874191,295.165,0.0,0.0,0.0,21006216,1280.0,65.35399999999998,0.0,0.0,1.8518604873599998,0.0,1.8518604873599998
33,2021-02-04 00:00:00.000,1-2021,3403434,WAREHOUSE PARIS AREA 1,FRANCE,CHALONS-EN-CHAMPAGNE,5003474-74,FRANCE,ORLY,"FRANCE, ORLY",48.7402273,2.402965,287.11,0.0,0.0,0.0,21006033,913.0,37.38,0.0,0.0,1.0302884928000002,0.0,1.0302884928000002
34,2021-02-05 00:00:00.000,1-2021,3403434,WAREHOUSE PARIS AREA 1,FRANCE,CHALONS-EN-CHAMPAGNE,5340672-72,FRANCE,BELLEVILLE,"FRANCE, BELLEVILLE",48.8711841,2.3866818,52.694,0.0,0.0,0.0,21000067,13710.0,1108.848,0.0,0.0,5.609245105152001,0.0,5.609245105152001
35,2021-02-05 00:00:00.000,1-2021,3403434,WAREHOUSE PARIS AREA 1,FRANCE,CHALONS-EN-CHAMPAGNE,5340672-72,FRANCE,BELLEVILLE,"FRANCE, BELLEVILLE",48.8711841,2.3866818,52.694,0.0,0.0,0.0,21000113,8460.0,593.088,0.0,0.0,3.0002091909120003,0.0,3.0002091909120003
36,2021-02-05 00:00:00.000,1-2021,3403434,WAREHOUSE PARIS AREA 1,FRANCE,CHALONS-EN-CHAMPAGNE,5397843-43,FRANCE,SUCY EN BRIE,"FRANCE, SUCY EN BRIE",48.7688096,2.537369,281.488,0.0,0.0,0.0,21006170,1600.0,35.304,0.0,0.0,0.954014625792,0.0,0.954014625792
37,2021-02-09 00:00:00.000,2-2021,3403434,WAREHOUSE PARIS AREA 1,FRANCE,CHALONS-EN-CHAMPAGNE,5029913-13,FRANCE,MOISSY-CRAMAYEL,"FRANCE, MOISSY-CRAMAYEL",48.6246665,2.5957563,288.437,0.0,0.0,0.0,21007198,2500.0,110.8,0.0,0.0,3.0680466816000003,0.0,3.0680466816000003
38,2021-02-15 00:00:00.000,2-2021,3403434,WAREHOUSE PARIS AREA 1,FRANCE,CHALONS-EN-CHAMPAGNE,5003451-51,FRANCE,LEVALLOIS PERRET,"FRANCE, LEVALLOIS PERRET",48.8946404,2.2874191,295.165,0.0,0.0,0.0,21007784,748.0,32.48609999999999,0.0,0.0,0.9205209318239997,0.0,0.9205209318239997
39,2021-02-16 00:00:00.000,2-2021,3403434,WAREHOUSE PARIS AREA 1,FRANCE,CHALONS-EN-CHAMPAGNE,5002915-15,FRANCE,LES ANGLES,"FRANCE, LES ANGLES",42.5796783,2.04895,765.728,0.0,0.0,0.0,21008835,1141.0,45.2354,0.0,0.0,3.3252491876351993,0.0,3.3252491876351993
40,2021-02-16 00:00:00.000,2-2021,3403434,WAREHOUSE PARIS AREA 1,FRANCE,CHALONS-EN-CHAMPAGNE,5006517-17,FRANCE,SERRIS,"FRANCE, SERRIS",48.8453093,2.7873016,256.25,0.0,0.0,0.0,21008983,530.0,35.2215,0.0,0.0,0.8664488999999999,0.0,0.8664488999999999
41,2021-02-16 00:00:00.000,2-2021,3403434,WAREHOUSE PARIS AREA 1,FRANCE,CHALONS-EN-CHAMPAGNE,5029913-13,FRANCE,MOISSY-CRAMAYEL,"FRANCE, MOISSY-CRAMAYEL",48.6246665,2.5957563,288.437,0.0,0.0,0.0,21008836,4740.0,324.3,0.0,0.0,8.979851433600002,0.0,8.979851433600002
42,2021-02-18 00:00:00.000,2-2021,3403434,WAREHOUSE PARIS AREA 1,FRANCE,CHALONS-EN-CHAMPAGNE,5029913-13,FRANCE,MOISSY-CRAMAYEL,"FRANCE, MOISSY-CRAMAYEL",48.6246665,2.5957563,288.437,0.0,0.0,0.0,21009087,38363.0,1398.9108999999999,0.0,0.0,38.735775673276805,0.0,38.735775673276805
43,2021-02-19 00:00:00.000,2-2021,3403434,WAREHOUSE PARIS AREA 1,FRANCE,CHALONS-EN-CHAMPAGNE,5340672-72,FRANCE,BELLEVILLE,"FRANCE, BELLEVILLE",48.8711841,2.3866818,52.694,0.0,0.0,0.0,21000225,15372.0,884.7743999999999,0.0,0.0,4.4757410144256,0.0,4.4757410144256
44,2021-02-23 00:00:00.000,2-2021,3403434,WAREHOUSE PARIS AREA 1,FRANCE,CHALONS-EN-CHAMPAGNE,5029913-13,FRANCE,MOISSY-CRAMAYEL,"FRANCE, MOISSY-CRAMAYEL",48.6246665,2.5957563,288.437,0.0,0.0,0.0,21010124,2580.0,171.12,0.0,0.0,4.73830458624,0.0,4.73830458624
45,2021-02-24 00:00:00.000,2-2021,3403434,WAREHOUSE PARIS AREA 1,FRANCE,CHALONS-EN-CHAMPAGNE,5003451-51,FRANCE,LEVALLOIS PERRET,"FRANCE, LEVALLOIS PERRET",48.8946404,2.2874191,295.165,0.0,0.0,0.0,21010443,1478.0,60.23824999999999,0.0,0.0,1.7069014138799998,0.0,1.7069014138799998
46,2021-02-24 00:00:00.000,2-2021,3403434,WAREHOUSE PARIS AREA 1,FRANCE,CHALONS-EN-CHAMPAGNE,5003476-76,FRANCE,VITRY SUR SEINE,"FRANCE, VITRY SUR SEINE",48.7892629,2.395103,284.851,0.0,0.0,0.0,21010352,1814.0,74.2355,0.0,0.0,2.030021415408,0.0,2.030021415408
47,2021-02-24 00:00:00.000,2-2021,3403434,WAREHOUSE PARIS AREA 1,FRANCE,CHALONS-EN-CHAMPAGNE,5029913-13,FRANCE,MOISSY-CRAMAYEL,"FRANCE, MOISSY-CRAMAYEL",48.6246665,2.5957563,288.437,0.0,0.0,0.0,21010299,20983.0,817.5504,0.0,0.0,22.637931333580802,0.0,22.637931333580802
48,2021-02-26 00:00:00.000,2-2021,3403434,WAREHOUSE PARIS AREA 1,FRANCE,CHALONS-EN-CHAMPAGNE,5003269-69,FRANCE,MACON,"FRANCE, MACON",48.878552,2.2801174,478.723,0.0,0.0,0.0,21010698,1238.0,53.76863999999999,0.0,0.0,2.4710673260851195,0.0,2.4710673260851195
49,2021-03-02 00:00:00.000,2-2021,3403434,WAREHOUSE PARIS AREA 1,FRANCE,CHALONS-EN-CHAMPAGNE,5003269-69,FRANCE,MACON,"FRANCE, MACON",48.878552,2.2801174,478.723,0.0,0.0,0.0,21011367,754.0,55.276399999999995,0.0,0.0,2.5403600675712,0.0,2.5403600675712
50,2021-03-02 00:00:00.000,2-2021,3403434,WAREHOUSE PARIS AREA 1,FRANCE,CHALONS-EN-CHAMPAGNE,5029913-13,FRANCE,MOISSY-CRAMAYEL,"FRANCE, MOISSY-CRAMAYEL",48.6246665,2.5957563,288.437,0.0,0.0,0.0,21011222,3540.0,333.84,0.0,0.0,9.24401357568,0.0,9.24401357568
51,2021-03-03 00:00:00.000,2-2021,3403434,WAREHOUSE PARIS AREA 1,FRANCE,CHALONS-EN-CHAMPAGNE,5029913-13,FRANCE,MOISSY-CRAMAYEL,"FRANCE, MOISSY-CRAMAYEL",48.6246665,2.5957563,288.437,0.0,0.0,0.0,21011516,12926.0,430.247,0.0,0.0,11.913518778144,0.0,11.913518778144
52,2021-03-04 00:00:00.000,2-2021,3403434,WAREHOUSE PARIS AREA 1,FRANCE,CHALONS-EN-CHAMPAGNE,5003451-51,FRANCE,LEVALLOIS PERRET,"FRANCE, LEVALLOIS PERRET",48.8946404,2.2874191,295.165,0.0,0.0,0.0,21011938,699.0,52.60419999999999,0.0,0.0,1.4905841945279998,0.0,1.4905841945279998
53,2021-03-04 00:00:00.000,2-2021,3403434,WAREHOUSE PARIS AREA 1,FRANCE,CHALONS-EN-CHAMPAGNE,5340672-72,FRANCE,BELLEVILLE,"FRANCE, BELLEVILLE",48.8711841,2.3866818,52.694,0.0,0.0,0.0,21000544,9600.0,416.88,0.0,0.0,2.10883917312,0.0,2.10883917312
54,2021-03-05 00:00:00.000,2-2021,3403434,WAREHOUSE PARIS AREA 1,FRANCE,CHALONS-EN-CHAMPAGNE,5397843-43,FRANCE,SUCY EN BRIE,"FRANCE, SUCY EN BRIE",48.7688096,2.537369,281.488,0.0,0.0,0.0,21012075,3564.0,163.61520000000002,0.0,0.0,4.421348680089601,0.0,4.421348680089601
55,2021-03-08 00:00:00.000,3-2021,3403434,WAREHOUSE PARIS AREA 1,FRANCE,CHALONS-EN-CHAMPAGNE,5340669-69,GERMANY,PEINE - WOLTORF,"GERMANY, PEINE - WOLTORF",52.304594,10.3125211,856.0,0.0,0.0,0.0,21000840,6956.0,489.68319999999994,0.0,0.0,40.24020664319999,0.0,40.24020664319999
56,2021-03-09 00:00:00.000,3-2021,3403434,WAREHOUSE PARIS AREA 1,FRANCE,CHALONS-EN-CHAMPAGNE,5003474-74,FRANCE,ORLY,"FRANCE, ORLY",48.7402273,2.402965,287.11,0.0,0.0,0.0,21012886,3505.0,146.71635999999998,0.0,0.0,4.0438784754816,0.0,4.0438784754816
57,2021-03-09 00:00:00.000,3-2021,3403434,WAREHOUSE PARIS AREA 1,FRANCE,CHALONS-EN-CHAMPAGNE,5029913-13,FRANCE,MOISSY-CRAMAYEL,"FRANCE, MOISSY-CRAMAYEL",48.6246665,2.5957563,288.437,0.0,0.0,0.0,21012651,16684.0,660.1902,0.0,0.0,18.2806349488704,0.0,18.2806349488704
58,2021-03-09 00:00:00.000,3-2021,3403434,WAREHOUSE PARIS AREA 1,FRANCE,CHALONS-EN-CHAMPAGNE,5340672-72,FRANCE,BELLEVILLE,"FRANCE, BELLEVILLE",48.8711841,2.3866818,52.694,0.0,0.0,0.0,21000546,10166.0,567.0111999999999,0.0,0.0,2.8682964645888,0.0,2.8682964645888
59,2021-03-09 00:00:00.000,3-2021,3403434,WAREHOUSE PARIS AREA 1,FRANCE,CHALONS-EN-CHAMPAGNE,5340672-72,FRANCE,BELLEVILLE,"FRANCE, BELLEVILLE",48.8711841,2.3866818,52.694,0.0,0.0,0.0,21000812,7820.0,679.9359999999999,0.0,0.0,3.4395405680639994,0.0,3.4395405680639994
60,2021-03-10 00:00:00.000,3-2021,3403434,WAREHOUSE PARIS AREA 1,FRANCE,CHALONS-EN-CHAMPAGNE,5340672-72,FRANCE,BELLEVILLE,"FRANCE, BELLEVILLE",48.8711841,2.3866818,52.694,0.0,0.0,0.0,21000804,9600.0,416.88,0.0,0.0,2.10883917312,0.0,2.10883917312
61,2021-03-11 00:00:00.000,3-2021,3403434,WAREHOUSE PARIS AREA 1,FRANCE,CHALONS-EN-CHAMPAGNE,5003451-51,FRANCE,LEVALLOIS PERRET,"FRANCE, LEVALLOIS PERRET",48.8946404,2.2874191,295.165,0.0,0.0,0.0,21013968,1174.0,56.03159999999999,0.0,0.0,1.5877024525439998,0.0,1.5877024525439998
62,2021-03-16 00:00:00.000,3-2021,3403434,WAREHOUSE PARIS AREA 1,FRANCE,CHALONS-EN-CHAMPAGNE,5003476-76,FRANCE,VITRY SUR SEINE,"FRANCE, VITRY SUR SEINE",48.7892629,2.395103,284.851,0.0,0.0,0.0,21015125,1882.0,77.98691999999998,0.0,0.0,2.13260660629632,0.0,2.13260660629632
63,2021-03-17 00:00:00.000,3-2021,3403434,WAREHOUSE PARIS AREA 1,FRANCE,CHALONS-EN-CHAMPAGNE,5002915-15,FRANCE,LES ANGLES,"FRANCE, LES ANGLES",42.5796783,2.04895,765.728,0.0,0.0,0.0,21016274,1672.0,57.96914999999999,0.0,0.0,4.261305723955199,0.0,4.261305723955199
64,2021-03-17 00:00:00.000,3-2021,3403434,WAREHOUSE PARIS AREA 1,FRANCE,CHALONS-EN-CHAMPAGNE,5029913-13,FRANCE,MOISSY-CRAMAYEL,"FRANCE, MOISSY-CRAMAYEL",48.6246665,2.5957563,288.437,0.0,0.0,0.0,21015794,26945.0,973.2621,0.0,0.0,26.9495808324192,0.0,26.9495808324192
65,2021-03-17 00:00:00.000,3-2021,3403434,WAREHOUSE PARIS AREA 1,FRANCE,CHALONS-EN-CHAMPAGNE,5340672-72,FRANCE,BELLEVILLE,"FRANCE, BELLEVILLE",48.8711841,2.3866818,52.694,0.0,0.0,0.0,21000803,10210.0,765.008,0.0,0.0,3.8698878289920007,0.0,3.8698878289920007
66,2021-03-19 00:00:00.000,3-2021,3403434,WAREHOUSE PARIS AREA 1,FRANCE,CHALONS-EN-CHAMPAGNE,5003451-51,FRANCE,LEVALLOIS PERRET,"FRANCE, LEVALLOIS PERRET",48.8946404,2.2874191,295.165,0.0,0.0,0.0,21016766,527.0,18.897399999999998,0.0,0.0,0.5354737028159999,0.0,0.5354737028159999
67,2021-03-19 00:00:00.000,3-2021,3403434,WAREHOUSE PARIS AREA 1,FRANCE,CHALONS-EN-CHAMPAGNE,5293132-32,FRANCE,HERLIN LE SEC,"FRANCE, HERLIN LE SEC",50.3544288,2.3317656,353.59,0.0,0.0,0.0,21017093,405.0,12.6143,0.0,0.0,0.428187872352,0.0,0.428187872352
68,2021-03-22 00:00:00.000,3-2021,3403434,WAREHOUSE PARIS AREA 1,FRANCE,CHALONS-EN-CHAMPAGNE,5002915-15,FRANCE,LES ANGLES,"FRANCE, LES ANGLES",42.5796783,2.04895,765.728,0.0,0.0,0.0,21003893,1.0,40.52604,0.0,0.0,2.97906466148352,0.0,2.97906466148352
69,2021-03-23 00:00:00.000,3-2021,3403434,WAREHOUSE PARIS AREA 1,FRANCE,CHALONS-EN-CHAMPAGNE,5029913-13,FRANCE,MOISSY-CRAMAYEL,"FRANCE, MOISSY-CRAMAYEL",48.6246665,2.5957563,288.437,0.0,0.0,0.0,21017392,2100.0,135.6,0.0,0.0,3.7547574912000004,0.0,3.7547574912000004
70,2021-03-24 00:00:00.000,3-2021,3403434,WAREHOUSE PARIS AREA 1,FRANCE,CHALONS-EN-CHAMPAGNE,5029913-13,FRANCE,MOISSY-CRAMAYEL,"FRANCE, MOISSY-CRAMAYEL",48.6246665,2.5957563,288.437,0.0,0.0,0.0,21018049,17515.0,668.3958,0.0,0.0,18.5078476190016,0.0,18.5078476190016
71,2021-03-24 00:00:00.000,3-2021,3403434,WAREHOUSE PARIS AREA 1,FRANCE,CHALONS-EN-CHAMPAGNE,5340672-72,FRANCE,BELLEVILLE,"FRANCE, BELLEVILLE",48.8711841,2.3866818,52.694,0.0,0.0,0.0,21000922,19922.0,1137.8944,0.0,0.0,5.7561799213056,0.0,5.7561799213056
72,2021-03-25 00:00:00.000,3-2021,3403434,WAREHOUSE PARIS AREA 1,FRANCE,CHALONS-EN-CHAMPAGNE,5006517-17,FRANCE,SERRIS,"FRANCE, SERRIS",48.8453093,2.7873016,256.25,0.0,0.0,0.0,21018956,406.0,29.0215,0.0,0.0,0.7139289,0.0,0.7139289
73,2021-03-29 00:00:00.000,3-2021,3403434,WAREHOUSE PARIS AREA 1,FRANCE,CHALONS-EN-CHAMPAGNE,5340669-69,GERMANY,PEINE - WOLTORF,"GERMANY, PEINE - WOLTORF",52.304594,10.3125211,856.0,0.0,0.0,0.0,21001041,12512.0,454.0864,0.0,0.0,37.3150040064,0.0,37.3150040064
74,2021-03-30 00:00:00.000,3-2021,3403434,WAREHOUSE PARIS AREA 1,FRANCE,CHALONS-EN-CHAMPAGNE,5003474-74,FRANCE,ORLY,"FRANCE, ORLY",48.7402273,2.402965,287.11,0.0,0.0,0.0,21020633,1677.0,78.46802,0.0,0.0,2.1627795093312003,0.0,2.1627795093312003
75,2021-03-30 00:00:00.000,3-2021,3403434,WAREHOUSE PARIS AREA 1,FRANCE,CHALONS-EN-CHAMPAGNE,5003476-76,FRANCE,VITRY SUR SEINE,"FRANCE, VITRY SUR SEINE",48.7892629,2.395103,284.851,0.0,0.0,0.0,21020800,1254.0,41.222199999999994,0.0,0.0,1.1272497496511997,0.0,1.1272497496511997
76,2021-03-30 00:00:00.000,3-2021,3403434,WAREHOUSE PARIS AREA 1,FRANCE,CHALONS-EN-CHAMPAGNE,5340672-72,FRANCE,BELLEVILLE,"FRANCE, BELLEVILLE",48.8711841,2.3866818,52.694,0.0,0.0,0.0,21001046,9600.0,416.88,0.0,0.0,2.10883917312,0.0,2.10883917312
77,2021-03-31 00:00:00.000,3-2021,3403434,WAREHOUSE PARIS AREA 1,FRANCE,CHALONS-EN-CHAMPAGNE,5003451-51,FRANCE,LEVALLOIS PERRET,"FRANCE, LEVALLOIS PERRET",48.8946404,2.2874191,295.165,0.0,0.0,0.0,21021247,1374.0,61.10287999999998,0.0,0.0,1.7314014312191994,0.0,1.7314014312191994
78,2021-04-01 00:00:00.000,3-2021,3403434,WAREHOUSE PARIS AREA 1,FRANCE,CHALONS-EN-CHAMPAGNE,5029913-13,FRANCE,MOISSY-CRAMAYEL,"FRANCE, MOISSY-CRAMAYEL",48.6246665,2.5957563,288.437,0.0,0.0,0.0,21020520,3300.0,316.08,0.0,0.0,8.75224002816,0.0,8.75224002816
79,2021-04-01 00:00:00.000,3-2021,3403434,WAREHOUSE PARIS AREA 1,FRANCE,CHALONS-EN-CHAMPAGNE,5029913-13,FRANCE,MOISSY-CRAMAYEL,"FRANCE, MOISSY-CRAMAYEL",48.6246665,2.5957563,288.437,0.0,0.0,0.0,21022127,24242.0,996.5432999999999,0.0,0.0,27.5942361429216,0.0,27.5942361429216
80,2021-04-07 00:00:00.000,4-2021,3403434,WAREHOUSE PARIS AREA 1,FRANCE,CHALONS-EN-CHAMPAGNE,5029913-13,FRANCE,MOISSY-CRAMAYEL,"FRANCE, MOISSY-CRAMAYEL",48.6246665,2.5957563,288.437,0.0,0.0,0.0,21023078,960.0,71.03999999999999,0.0,0.0,1.96709419008,0.0,1.96709419008
81,2021-04-07 00:00:00.000,4-2021,3403434,WAREHOUSE PARIS AREA 1,FRANCE,CHALONS-EN-CHAMPAGNE,5340672-72,FRANCE,BELLEVILLE,"FRANCE, BELLEVILLE",48.8711841,2.3866818,52.694,0.0,0.0,0.0,21001118,9600.0,416.88,0.0,0.0,2.10883917312,0.0,2.10883917312
82,2021-04-08 00:00:00.000,4-2021,3403434,WAREHOUSE PARIS AREA 1,FRANCE,CHALONS-EN-CHAMPAGNE,5397843-43,FRANCE,SUCY EN BRIE,"FRANCE, SUCY EN BRIE",48.7688096,2.537369,281.488,0.0,0.0,0.0,21023760,4131.0,106.13582,0.0,0.0,2.8680921312153598,0.0,2.8680921312153598
83,2021-04-09 00:00:00.000,4-2021,3403434,WAREHOUSE PARIS AREA 1,FRANCE,CHALONS-EN-CHAMPAGNE,5029913-13,FRANCE,MOISSY-CRAMAYEL,"FRANCE, MOISSY-CRAMAYEL",48.6246665,2.5957563,288.437,0.0,0.0,0.0,21023570,30357.0,1314.5996,0.0,0.0,36.4011998232192,0.0,36.4011998232192
84,2021-04-12 00:00:00.000,4-2021,3403434,WAREHOUSE PARIS AREA 1,FRANCE,CHALONS-EN-CHAMPAGNE,5003451-51,FRANCE,LEVALLOIS PERRET,"FRANCE, LEVALLOIS PERRET",48.8946404,2.2874191,295.165,0.0,0.0,0.0,21024117,2068.0,85.10528999999997,0.0,0.0,2.4115298805935996,0.0,2.4115298805935996
85,2021-04-13 00:00:00.000,4-2021,3403434,WAREHOUSE PARIS AREA 1,FRANCE,CHALONS-EN-CHAMPAGNE,5003269-69,FRANCE,MACON,"FRANCE, MACON",48.878552,2.2801174,478.723,0.0,0.0,0.0,21024558,685.0,20.639499999999995,0.0,0.0,0.9485379224159999,0.0,0.9485379224159999
86,2021-04-13 00:00:00.000,4-2021,3403434,WAREHOUSE PARIS AREA 1,FRANCE,CHALONS-EN-CHAMPAGNE,5029913-13,FRANCE,MOISSY-CRAMAYEL,"FRANCE, MOISSY-CRAMAYEL",48.6246665,2.5957563,288.437,0.0,0.0,0.0,21024570,6120.0,406.62,0.0,0.0,11.25928828224,0.0,11.25928828224
87,2021-04-14 00:00:00.000,4-2021,3403434,WAREHOUSE PARIS AREA 1,FRANCE,CHALONS-EN-CHAMPAGNE,5002915-15,FRANCE,LES ANGLES,"FRANCE, LES ANGLES",42.5796783,2.04895,765.728,0.0,0.0,0.0,21024808,1246.0,48.17032999999999,0.0,0.0,3.540995563223039,0.0,3.540995563223039
88,2021-04-14 00:00:00.000,4-2021,3403434,WAREHOUSE PARIS AREA 1,FRANCE,CHALONS-EN-CHAMPAGNE,5003269-69,FRANCE,MACON,"FRANCE, MACON",48.878552,2.2801174,478.723,0.0,0.0,0.0,21024819,2.0,53.86725,0.0,0.0,2.475599186088,0.0,2.475599186088
89,2021-04-14 00:00:00.000,4-2021,3403434,WAREHOUSE PARIS AREA 1,FRANCE,CHALONS-EN-CHAMPAGNE,5029913-13,FRANCE,MOISSY-CRAMAYEL,"FRANCE, MOISSY-CRAMAYEL",48.6246665,2.5957563,288.437,0.0,0.0,0.0,21024753,35274.0,1249.3092,0.0,0.0,34.5933117811584,0.0,34.5933117811584
90,2021-04-15 00:00:00.000,4-2021,3403434,WAREHOUSE PARIS AREA 1,FRANCE,CHALONS-EN-CHAMPAGNE,5003474-74,FRANCE,ORLY,"FRANCE, ORLY",48.7402273,2.402965,287.11,0.0,0.0,0.0,21024966,896.0,26.400599999999997,0.0,0.0,0.7276681215359999,0.0,0.7276681215359999
91,2021-04-16 00:00:00.000,4-2021,3403434,WAREHOUSE PARIS AREA 1,FRANCE,CHALONS-EN-CHAMPAGNE,5335348-48,UNITED KINGDOM,BRISTOL,"UNITED KINGDOM, BRISTOL",51.468489,-2.5907175,626.0,0.0,44.0,0.0,21002029,790.0,594.08,0.0,0.2613952,35.701831680000005,0.0,35.96322688000001
92,2021-04-16 00:00:00.000,4-2021,3403434,WAREHOUSE PARIS AREA 1,FRANCE,CHALONS-EN-CHAMPAGNE,5340672-72,FRANCE,BELLEVILLE,"FRANCE, BELLEVILLE",48.8711841,2.3866818,52.694,0.0,0.0,0.0,21001115,14716.0,820.1311999999999,0.0,0.0,4.1487353714688,0.0,4.1487353714688
93,2021-04-16 00:00:00.000,4-2021,3403434,WAREHOUSE PARIS AREA 1,FRANCE,CHALONS-EN-CHAMPAGNE,5397843-43,FRANCE,SUCY EN BRIE,"FRANCE, SUCY EN BRIE",48.7688096,2.537369,281.488,0.0,0.0,0.0,21025285,7726.0,228.26436,0.0,0.0,6.16835310409728,0.0,6.16835310409728
94,2021-04-19 00:00:00.000,4-2021,3403434,WAREHOUSE PARIS AREA 1,FRANCE,CHALONS-EN-CHAMPAGNE,5029913-13,FRANCE,MOISSY-CRAMAYEL,"FRANCE, MOISSY-CRAMAYEL",48.6246665,2.5957563,288.437,0.0,0.0,0.0,21025759,6044.0,249.2252,0.0,0.0,6.9010338251904,0.0,6.9010338251904
95,2021-04-20 00:00:00.000,4-2021,3403434,WAREHOUSE PARIS AREA 1,FRANCE,CHALONS-EN-CHAMPAGNE,5029913-13,FRANCE,MOISSY-CRAMAYEL,"FRANCE, MOISSY-CRAMAYEL",48.6246665,2.5957563,288.437,0.0,0.0,0.0,21025948,3600.0,358.08,0.0,0.0,9.91521801216,0.0,9.91521801216
96,2021-04-21 00:00:00.000,4-2021,3403434,WAREHOUSE PARIS AREA 1,FRANCE,CHALONS-EN-CHAMPAGNE,5003476-76,FRANCE,VITRY SUR SEINE,"FRANCE, VITRY SUR SEINE",48.7892629,2.395103,284.851,0.0,0.0,0.0,21026063,1927.0,90.70558,0.0,0.0,2.48040721618368,0.0,2.48040721618368
97,2021-04-22 00:00:00.000,4-2021,3403434,WAREHOUSE PARIS AREA 1,FRANCE,CHALONS-EN-CHAMPAGNE,5002915-15,FRANCE,LES ANGLES,"FRANCE, LES ANGLES",42.5796783,2.04895,765.728,0.0,0.0,0.0,21026829,814.0,117.3528,0.0,0.0,8.6265911844864,0.0,8.6265911844864
98,2021-04-22 00:00:00.000,4-2021,3403434,WAREHOUSE PARIS AREA 1,FRANCE,CHALONS-EN-CHAMPAGNE,5029913-13,FRANCE,MOISSY-CRAMAYEL,"FRANCE, MOISSY-CRAMAYEL",48.6246665,2.5957563,288.437,0.0,0.0,0.0,21027173,120.0,6.6867,0.0,0.0,0.18515440203840003,0.0,0.18515440203840003
99,2021-04-23 00:00:00.000,4-2021,3403434,WAREHOUSE PARIS AREA 1,FRANCE,CHALONS-EN-CHAMPAGNE,5003451-51,FRANCE,LEVALLOIS PERRET,"FRANCE, LEVALLOIS PERRET",48.8946404,2.2874191,295.165,0.0,0.0,0.0,21027201,1171.0,51.97594999999999,0.0,0.0,1.472782203048,0.0,1.472782203048
100,2021-04-26 00:00:00.000,4-2021,3403434,WAREHOUSE PARIS AREA 1,FRANCE,CHALONS-EN-CHAMPAGNE,5029913-13,FRANCE,MOISSY-CRAMAYEL,"FRANCE, MOISSY-CRAMAYEL",48.6246665,2.5957563,288.437,0.0,0.0,0.0,21027656,2343.0,204.39249999999998,0.0,0.0,5.65961851416,0.0,5.65961851416
101,2021-04-27 00:00:00.000,4-2021,3403434,WAREHOUSE PARIS AREA 1,FRANCE,CHALONS-EN-CHAMPAGNE,5029913-13,FRANCE,MOISSY-CRAMAYEL,"FRANCE, MOISSY-CRAMAYEL",48.6246665,2.5957563,288.437,0.0,0.0,0.0,21028018,2740.0,128.56,0.0,0.0,3.5598202291200005,0.0,3.5598202291200005
102,2021-04-27 00:00:00.000,4-2021,3403434,WAREHOUSE PARIS AREA 1,FRANCE,CHALONS-EN-CHAMPAGNE,5340672-72,FRANCE,BELLEVILLE,"FRANCE, BELLEVILLE",48.8711841,2.3866818,52.694,0.0,0.0,0.0,21001492,9600.0,416.88,0.0,0.0,2.10883917312,0.0,2.10883917312
103,2021-04-27 00:00:00.000,4-2021,3403434,WAREHOUSE PARIS AREA 1,FRANCE,CHALONS-EN-CHAMPAGNE,5340672-72,FRANCE,BELLEVILLE,"FRANCE, BELLEVILLE",48.8711841,2.3866818,52.694,0.0,0.0,0.0,21001494,9056.0,308.2432,0.0,0.0,1.5592864493568002,0.0,1.5592864493568002
104,2021-04-28 00:00:00.000,4-2021,3403434,WAREHOUSE PARIS AREA 1,FRANCE,CHALONS-EN-CHAMPAGNE,5029913-13,FRANCE,MOISSY-CRAMAYEL,"FRANCE, MOISSY-CRAMAYEL",48.6246665,2.5957563,288.437,0.0,0.0,0.0,21028448,12491.0,393.08259999999996,0.0,0.0,10.8844383260352,0.0,10.8844383260352
105,2021-04-28 00:00:00.000,4-2021,3403434,WAREHOUSE PARIS AREA 1,FRANCE,CHALONS-EN-CHAMPAGNE,5397843-43,FRANCE,SUCY EN BRIE,"FRANCE, SUCY EN BRIE",48.7688096,2.537369,281.488,0.0,0.0,0.0,21025285,1425.0,58.785,0.0,0.0,1.58853811968,0.0,1.58853811968
106,2021-04-29 00:00:00.000,4-2021,3403434,WAREHOUSE PARIS AREA 1,FRANCE,CHALONS-EN-CHAMPAGNE,5003269-69,FRANCE,MACON,"FRANCE, MACON",48.878552,2.2801174,478.723,0.0,0.0,0.0,21028868,689.0,28.213489999999997,0.0,0.0,1.29661887103392,0.0,1.29661887103392
107,2021-04-29 00:00:00.000,4-2021,3403434,WAREHOUSE PARIS AREA 1,FRANCE,CHALONS-EN-CHAMPAGNE,5003474-74,FRANCE,ORLY,"FRANCE, ORLY",48.7402273,2.402965,287.11,0.0,0.0,0.0,21028855,1460.0,72.2074,0.0,0.0,1.9902207949440003,0.0,1.9902207949440003
108,2021-05-03 00:00:00.000,4-2021,3403434,WAREHOUSE PARIS AREA 1,FRANCE,CHALONS-EN-CHAMPAGNE,5003451-51,FRANCE,LEVALLOIS PERRET,"FRANCE, LEVALLOIS PERRET",48.8946404,2.2874191,295.165,0.0,0.0,0.0,21029926,174.0,14.628,0.0,0.0,0.4144966675200001,0.0,0.4144966675200001
109,2021-05-04 00:00:00.000,4-2021,3403434,WAREHOUSE PARIS AREA 1,FRANCE,CHALONS-EN-CHAMPAGNE,9001746-46,FRANCE,AUBROMETZ,"FRANCE, AUBROMETZ",50.30374929999999,2.1760583,357.151,0.0,0.0,0.0,21030148,606.0,120.10889999999999,0.0,0.0,4.1181133194144,0.0,4.1181133194144
110,2021-05-06 00:00:00.000,4-2021,3403434,WAREHOUSE PARIS AREA 1,FRANCE,CHALONS-EN-CHAMPAGNE,5029913-13,FRANCE,MOISSY-CRAMAYEL,"FRANCE, MOISSY-CRAMAYEL",48.6246665,2.5957563,288.437,0.0,0.0,0.0,21030373,13758.0,508.7005,0.0,0.0,14.085892427376,0.0,14.085892427376
111,2021-05-07 00:00:00.000,4-2021,3403434,WAREHOUSE PARIS AREA 1,FRANCE,CHALONS-EN-CHAMPAGNE,5003451-51,FRANCE,LEVALLOIS PERRET,"FRANCE, LEVALLOIS PERRET",48.8946404,2.2874191,295.165,0.0,0.0,0.0,21030962,1858.0,85.58972999999997,0.0,0.0,2.4252568949231996,0.0,2.4252568949231996
112,2021-05-07 00:00:00.000,4-2021,3403434,WAREHOUSE PARIS AREA 1,FRANCE,CHALONS-EN-CHAMPAGNE,5003451-51,FRANCE,LEVALLOIS PERRET,"FRANCE, LEVALLOIS PERRET",48.8946404,2.2874191,295.165,0.0,0.0,0.0,21030990,320.0,23.508499999999998,0.0,0.0,0.66613309464,0.0,0.66613309464
113,2021-05-10 00:00:00.000,5-2021,3403434,WAREHOUSE PARIS AREA 1,FRANCE,CHALONS-EN-CHAMPAGNE,5340672-72,FRANCE,BELLEVILLE,"FRANCE, BELLEVILLE",48.8711841,2.3866818,52.694,0.0,0.0,0.0,21001582,132.0,4076.2933199999998,0.0,0.0,20.620435219591677,0.0,20.620435219591677
114,2021-05-10 00:00:00.000,5-2021,3403434,WAREHOUSE PARIS AREA 1,FRANCE,CHALONS-EN-CHAMPAGNE,5340672-72,FRANCE,BELLEVILLE,"FRANCE, BELLEVILLE",48.8711841,2.3866818,52.694,0.0,0.0,0.0,21001583,13.0,401.45313,0.0,0.0,2.03080043829312,0.0,2.03080043829312
115,2021-05-11 00:00:00.000,5-2021,3403434,WAREHOUSE PARIS AREA 1,FRANCE,CHALONS-EN-CHAMPAGNE,5002915-15,FRANCE,LES ANGLES,"FRANCE, LES ANGLES",42.5796783,2.04895,765.728,0.0,0.0,0.0,21031660,1413.0,46.40858,0.0,0.0,3.41148951803904,0.0,3.41148951803904
116,2021-05-11 00:00:00.000,5-2021,3403434,WAREHOUSE PARIS AREA 1,FRANCE,CHALONS-EN-CHAMPAGNE,5340669-69,GERMANY,PEINE - WOLTORF,"GERMANY, PEINE - WOLTORF",52.304594,10.3125211,856.0,0.0,0.0,0.0,21001592,132.0,4076.2933199999998,0.0,0.0,334.97347986432,0.0,334.97347986432
117,2021-05-12 00:00:00.000,5-2021,3403434,WAREHOUSE PARIS AREA 1,FRANCE,CHALONS-EN-CHAMPAGNE,5029913-13,FRANCE,MOISSY-CRAMAYEL,"FRANCE, MOISSY-CRAMAYEL",48.6246665,2.5957563,288.437,0.0,0.0,0.0,21031568,4680.0,398.4,0.0,0.0,11.0316768768,0.0,11.0316768768
118,2021-05-12 00:00:00.000,5-2021,3403434,WAREHOUSE PARIS AREA 1,FRANCE,CHALONS-EN-CHAMPAGNE,5340669-69,GERMANY,PEINE - WOLTORF,"GERMANY, PEINE - WOLTORF",52.304594,10.3125211,856.0,0.0,0.0,0.0,21001643,28.0,864.66828,0.0,0.0,71.05498057727999,0.0,71.05498057727999
119,2021-05-14 00:00:00.000,5-2021,3403434,WAREHOUSE PARIS AREA 1,FRANCE,CHALONS-EN-CHAMPAGNE,5003474-74,FRANCE,ORLY,"FRANCE, ORLY",48.7402273,2.402965,287.11,0.0,0.0,0.0,21032286,1809.0,61.45599999999999,0.0,0.0,1.6938846873599998,0.0,1.6938846873599998
120,2021-05-17 00:00:00.000,5-2021,3403434,WAREHOUSE PARIS AREA 1,FRANCE,CHALONS-EN-CHAMPAGNE,5029913-13,FRANCE,MOISSY-CRAMAYEL,"FRANCE, MOISSY-CRAMAYEL",48.6246665,2.5957563,288.437,0.0,0.0,0.0,21011469,30735.0,2569.4676199999994,0.0,0.0,71.14843506335423,0.0,71.14843506335423
121,2021-05-17 00:00:00.000,5-2021,3403434,WAREHOUSE PARIS AREA 1,FRANCE,CHALONS-EN-CHAMPAGNE,5029913-13,FRANCE,MOISSY-CRAMAYEL,"FRANCE, MOISSY-CRAMAYEL",48.6246665,2.5957563,288.437,0.0,0.0,0.0,21011840,720.0,39.42719999999993,0.0,0.0,1.0917372754943981,0.0,1.0917372754943981
122,2021-05-18 00:00:00.000,5-2021,3403434,WAREHOUSE PARIS AREA 1,FRANCE,CHALONS-EN-CHAMPAGNE,5003451-51,FRANCE,LEVALLOIS PERRET,"FRANCE, LEVALLOIS PERRET",48.8946404,2.2874191,295.165,0.0,0.0,0.0,21033036,1240.0,50.344239999999985,0.0,0.0,1.4265463295615997,0.0,1.4265463295615997
123,2021-05-18 00:00:00.000,5-2021,3403434,WAREHOUSE PARIS AREA 1,FRANCE,CHALONS-EN-CHAMPAGNE,5006517-17,FRANCE,SERRIS,"FRANCE, SERRIS",48.8453093,2.7873016,256.25,0.0,0.0,0.0,21033180,540.0,33.4095,0.0,0.0,0.8218737,0.0,0.8218737
124,2021-05-18 00:00:00.000,5-2021,3403434,WAREHOUSE PARIS AREA 1,FRANCE,CHALONS-EN-CHAMPAGNE,5029913-13,FRANCE,MOISSY-CRAMAYEL,"FRANCE, MOISSY-CRAMAYEL",48.6246665,2.5957563,288.437,0.0,0.0,0.0,21031897,12878.0,601.7081,0.0,0.0,16.6612684070112,0.0,16.6612684070112
125,2021-05-19 00:00:00.000,5-2021,3403434,WAREHOUSE PARIS AREA 1,FRANCE,CHALONS-EN-CHAMPAGNE,5029913-13,FRANCE,MOISSY-CRAMAYEL,"FRANCE, MOISSY-CRAMAYEL",48.6246665,2.5957563,288.437,0.0,0.0,0.0,21033282,960.0,71.03999999999999,0.0,0.0,1.96709419008,0.0,1.96709419008
126,2021-05-19 00:00:00.000,5-2021,3403434,WAREHOUSE PARIS AREA 1,FRANCE,CHALONS-EN-CHAMPAGNE,5340672-72,FRANCE,BELLEVILLE,"FRANCE, BELLEVILLE",48.8711841,2.3866818,52.694,0.0,0.0,0.0,21001651,13200.0,549.3599999999999,0.0,0.0,2.7790056806399996,0.0,2.7790056806399996
127,2021-05-19 00:00:00.000,5-2021,3403434,WAREHOUSE PARIS AREA 1,FRANCE,CHALONS-EN-CHAMPAGNE,5340672-72,FRANCE,BELLEVILLE,"FRANCE, BELLEVILLE",48.8711841,2.3866818,52.694,0.0,0.0,0.0,21001780,10210.0,765.008,0.0,0.0,3.8698878289920007,0.0,3.8698878289920007
128,2021-05-21 00:00:00.000,5-2021,3403434,WAREHOUSE PARIS AREA 1,FRANCE,CHALONS-EN-CHAMPAGNE,5029913-13,FRANCE,MOISSY-CRAMAYEL,"FRANCE, MOISSY-CRAMAYEL",48.6246665,2.5957563,288.437,0.0,0.0,0.0,21033917,9328.0,302.0936,0.0,0.0,8.3649572835072,0.0,8.3649572835072
129,2021-05-25 00:00:00.000,5-2021,3403434,WAREHOUSE PARIS AREA 1,FRANCE,CHALONS-EN-CHAMPAGNE,5002915-15,FRANCE,LES ANGLES,"FRANCE, LES ANGLES",42.5796783,2.04895,765.728,0.0,0.0,0.0,21028608,1.0,41.38655,0.0,0.0,3.0423206552064,0.0,3.0423206552064
130,2021-05-25 00:00:00.000,5-2021,3403434,WAREHOUSE PARIS AREA 1,FRANCE,CHALONS-EN-CHAMPAGNE,9066250-50,FRANCE,GAEL,"FRANCE, GAEL",48.1166824,-2.2346397,667.613,0.0,0.0,0.0,21021776,29521.0,1738.3650799999996,0.0,0.0,111.41329211078784,0.0,111.41329211078784
131,2021-05-25 00:00:00.000,5-2021,3403434,WAREHOUSE PARIS AREA 1,FRANCE,CHALONS-EN-CHAMPAGNE,9066250-50,FRANCE,GAEL,"FRANCE, GAEL",48.1166824,-2.2346397,667.613,0.0,0.0,0.0,21022057,77321.0,4417.77316,0.0,0.0,283.1388280960397,0.0,283.1388280960397
132,2021-05-26 00:00:00.000,5-2021,3403434,WAREHOUSE PARIS AREA 1,FRANCE,CHALONS-EN-CHAMPAGNE,5029913-13,FRANCE,MOISSY-CRAMAYEL,"FRANCE, MOISSY-CRAMAYEL",48.6246665,2.5957563,288.437,0.0,0.0,0.0,21018152,9940.0,0.0,0.0,0.0,0.0,0.0,0.0
133,2021-05-26 00:00:00.000,5-2021,3403434,WAREHOUSE PARIS AREA 1,FRANCE,CHALONS-EN-CHAMPAGNE,5029913-13,FRANCE,MOISSY-CRAMAYEL,"FRANCE, MOISSY-CRAMAYEL",48.6246665,2.5957563,288.437,0.0,0.0,0.0,21027239,11279.0,1037.3585999999998,0.0,0.0,28.724409840787196,0.0,28.724409840787196
134,2021-05-26 00:00:00.000,5-2021,3403434,WAREHOUSE PARIS AREA 1,FRANCE,CHALONS-EN-CHAMPAGNE,5029913-13,FRANCE,MOISSY-CRAMAYEL,"FRANCE, MOISSY-CRAMAYEL",48.6246665,2.5957563,288.437,0.0,0.0,0.0,21034425,2760.0,164.64,0.0,0.0,4.55887369728,0.0,4.55887369728
135,2021-05-26 00:00:00.000,5-2021,3403434,WAREHOUSE PARIS AREA 1,FRANCE,CHALONS-EN-CHAMPAGNE,5029913-13,FRANCE,MOISSY-CRAMAYEL,"FRANCE, MOISSY-CRAMAYEL",48.6246665,2.5957563,288.437,0.0,0.0,0.0,21034813,4743.0,236.82999999999998,0.0,0.0,6.55781133216,0.0,6.55781133216
136,2021-05-27 00:00:00.000,5-2021,3403434,WAREHOUSE PARIS AREA 1,FRANCE,CHALONS-EN-CHAMPAGNE,5340672-72,FRANCE,BELLEVILLE,"FRANCE, BELLEVILLE",48.8711841,2.3866818,52.694,0.0,0.0,0.0,21001837,9756.0,570.8832,0.0,0.0,2.8878834567168004,0.0,2.8878834567168004
137,2021-05-27 00:00:00.000,5-2021,3403434,WAREHOUSE PARIS AREA 1,FRANCE,CHALONS-EN-CHAMPAGNE,5340672-72,FRANCE,BELLEVILLE,"FRANCE, BELLEVILLE",48.8711841,2.3866818,52.694,0.0,0.0,0.0,21001838,12600.0,559.0799999999999,0.0,0.0,2.8281755059199996,0.0,2.8281755059199996
138,2021-05-28 00:00:00.000,5-2021,3403434,WAREHOUSE PARIS AREA 1,FRANCE,CHALONS-EN-CHAMPAGNE,5029913-13,FRANCE,MOISSY-CRAMAYEL,"FRANCE, MOISSY-CRAMAYEL",48.6246665,2.5957563,288.437,0.0,0.0,0.0,21034769,33534.0,1171.0212,0.0,0.0,32.4255208189824,0.0,32.4255208189824
139,2021-05-31 00:00:00.000,5-2021,3403434,WAREHOUSE PARIS AREA 1,FRANCE,CHALONS-EN-CHAMPAGNE,5003451-51,FRANCE,LEVALLOIS PERRET,"FRANCE, LEVALLOIS PERRET",48.8946404,2.2874191,295.165,0.0,0.0,0.0,21035518,1030.0,36.65804999999999,0.0,0.0,1.038736639512,0.0,1.038736639512
140,2021-05-31 00:00:00.000,5-2021,3403434,WAREHOUSE PARIS AREA 1,FRANCE,CHALONS-EN-CHAMPAGNE,5293132-32,FRANCE,HERLIN LE SEC,"FRANCE, HERLIN LE SEC",50.3544288,2.3317656,353.59,0.0,0.0,0.0,21035554,1201.0,50.45635,0.0,0.0,1.712722636464,0.0,1.712722636464
141,2021-06-01 00:00:00.000,5-2021,3403434,WAREHOUSE PARIS AREA 1,FRANCE,CHALONS-EN-CHAMPAGNE,5340672-72,FRANCE,BELLEVILLE,"FRANCE, BELLEVILLE",48.8711841,2.3866818,52.694,0.0,0.0,0.0,21001913,9100.0,506.24,0.0,0.0,2.5608778137600003,0.0,2.5608778137600003
142,2021-06-01 00:00:00.000,5-2021,3403434,WAREHOUSE PARIS AREA 1,FRANCE,CHALONS-EN-CHAMPAGNE,9066250-50,FRANCE,GAEL,"FRANCE, GAEL",48.1166824,-2.2346397,667.613,0.0,0.0,0.0,21022259,28635.0,2870.4386999999997,0.0,0.0,183.96885041501758,0.0,183.96885041501758
143,2021-06-02 00:00:00.000,5-2021,3403434,WAREHOUSE PARIS AREA 1,FRANCE,CHALONS-EN-CHAMPAGNE,5002915-15,FRANCE,LES ANGLES,"FRANCE, LES ANGLES",42.5796783,2.04895,765.728,0.0,0.0,0.0,21034333,2.0,75.46029,0.0,0.0,5.5470774663475195,0.0,5.5470774663475195
144,2021-06-03 00:00:00.000,5-2021,3403434,WAREHOUSE PARIS AREA 1,FRANCE,CHALONS-EN-CHAMPAGNE,5029913-13,FRANCE,MOISSY-CRAMAYEL,"FRANCE, MOISSY-CRAMAYEL",48.6246665,2.5957563,288.437,0.0,0.0,0.0,21036186,7080.0,257.9726,0.0,0.0,7.1432489113152,0.0,7.1432489113152
145,2021-06-03 00:00:00.000,5-2021,3403434,WAREHOUSE PARIS AREA 1,FRANCE,CHALONS-EN-CHAMPAGNE,5334855-55,UNITED KINGDOM,KENT,"UNITED KINGDOM, KENT",51.1963962,0.7426441,409.0,0.0,44.0,0.0,21004464,500.0,85.0,0.0,0.0374,3.33744,0.0,3.37484
146,2021-06-08 00:00:00.000,6-2021,3403434,WAREHOUSE PARIS AREA 1,FRANCE,CHALONS-EN-CHAMPAGNE,5002915-15,FRANCE,LES ANGLES,"FRANCE, LES ANGLES",42.5796783,2.04895,765.728,0.0,0.0,0.0,21037066,1372.0,58.92109999999999,0.0,0.0,4.331283461836799,0.0,4.331283461836799
147,2021-06-08 00:00:00.000,6-2021,3403434,WAREHOUSE PARIS AREA 1,FRANCE,CHALONS-EN-CHAMPAGNE,5003474-74,FRANCE,ORLY,"FRANCE, ORLY",48.7402273,2.402965,287.11,0.0,0.0,0.0,21037055,1761.0,74.61319999999999,0.0,0.0,2.056530801792,0.0,2.056530801792
148,2021-06-08 00:00:00.000,6-2021,3403434,WAREHOUSE PARIS AREA 1,FRANCE,CHALONS-EN-CHAMPAGNE,5029913-13,FRANCE,MOISSY-CRAMAYEL,"FRANCE, MOISSY-CRAMAYEL",48.6246665,2.5957563,288.437,0.0,0.0,0.0,21027239,660.0,60.0402,0.0,0.0,1.6625102560704004,0.0,1.6625102560704004
149,2021-06-08 00:00:00.000,6-2021,3403434,WAREHOUSE PARIS AREA 1,FRANCE,CHALONS-EN-CHAMPAGNE,5029913-13,FRANCE,MOISSY-CRAMAYEL,"FRANCE, MOISSY-CRAMAYEL",48.6246665,2.5957563,288.437,0.0,0.0,0.0,21034769,600.0,23.4,0.0,0.0,0.6479448767999999,0.0,0.6479448767999999
150,2021-06-09 00:00:00.000,6-2021,3403434,WAREHOUSE PARIS AREA 1,FRANCE,CHALONS-EN-CHAMPAGNE,5029913-13,FRANCE,MOISSY-CRAMAYEL,"FRANCE, MOISSY-CRAMAYEL",48.6246665,2.5957563,288.437,0.0,0.0,0.0,21037208,4180.0,180.49439999999998,0.0,0.0,4.9978812722688,0.0,4.9978812722688
151,2021-06-10 00:00:00.000,6-2021,3403434,WAREHOUSE PARIS AREA 1,FRANCE,CHALONS-EN-CHAMPAGNE,5340672-72,FRANCE,BELLEVILLE,"FRANCE, BELLEVILLE",48.8711841,2.3866818,52.694,0.0,0.0,0.0,21002028,10620.0,761.136,0.0,0.0,3.8503008368639997,0.0,3.8503008368639997
152,2021-06-11 00:00:00.000,6-2021,3403434,WAREHOUSE PARIS AREA 1,FRANCE,CHALONS-EN-CHAMPAGNE,5002915-15,FRANCE,LES ANGLES,"FRANCE, LES ANGLES",42.5796783,2.04895,765.728,0.0,0.0,0.0,21037546,805.0,56.58,0.0,0.0,4.15918946304,0.0,4.15918946304
153,2021-06-11 00:00:00.000,6-2021,3403434,WAREHOUSE PARIS AREA 1,FRANCE,CHALONS-EN-CHAMPAGNE,5003451-51,FRANCE,LEVALLOIS PERRET,"FRANCE, LEVALLOIS PERRET",48.8946404,2.2874191,295.165,0.0,0.0,0.0,21037581,585.0,28.405549999999995,0.0,0.0,0.804895119912,0.0,0.804895119912
154,2021-06-11 00:00:00.000,6-2021,3403434,WAREHOUSE PARIS AREA 1,FRANCE,CHALONS-EN-CHAMPAGNE,5003476-76,FRANCE,VITRY SUR SEINE,"FRANCE, VITRY SUR SEINE",48.7892629,2.395103,284.851,0.0,0.0,0.0,21037588,1821.0,62.277089999999994,0.0,0.0,1.7030103709046398,0.0,1.7030103709046398
155,2021-06-15 00:00:00.000,6-2021,3403434,WAREHOUSE PARIS AREA 1,FRANCE,CHALONS-EN-CHAMPAGNE,5029913-13,FRANCE,MOISSY-CRAMAYEL,"FRANCE, MOISSY-CRAMAYEL",48.6246665,2.5957563,288.437,0.0,0.0,0.0,21038108,3300.0,316.08,0.0,0.0,8.75224002816,0.0,8.75224002816
156,2021-06-17 00:00:00.000,6-2021,3403434,WAREHOUSE PARIS AREA 1,FRANCE,CHALONS-EN-CHAMPAGNE,5029913-13,FRANCE,MOISSY-CRAMAYEL,"FRANCE, MOISSY-CRAMAYEL",48.6246665,2.5957563,288.437,0.0,0.0,0.0,21038785,19110.0,622.346,0.0,0.0,17.232730867392,0.0,17.232730867392
157,2021-06-18 00:00:00.000,6-2021,3403434,WAREHOUSE PARIS AREA 1,FRANCE,CHALONS-EN-CHAMPAGNE,5340672-72,FRANCE,BELLEVILLE,"FRANCE, BELLEVILLE",48.8711841,2.3866818,52.694,0.0,0.0,0.0,21002150,10822.0,631.6543999999999,0.0,0.0,3.1953021075456003,0.0,3.1953021075456003
158,2021-06-18 00:00:00.000,6-2021,3403434,WAREHOUSE PARIS AREA 1,FRANCE,CHALONS-EN-CHAMPAGNE,5397843-43,FRANCE,SUCY EN BRIE,"FRANCE, SUCY EN BRIE",48.7688096,2.537369,281.488,0.0,0.0,0.0,21038686,2475.0,93.63050000000001,0.0,0.0,2.5301627696640003,0.0,2.5301627696640003
159,2021-06-21 00:00:00.000,6-2021,3403434,WAREHOUSE PARIS AREA 1,FRANCE,CHALONS-EN-CHAMPAGNE,5340672-72,FRANCE,BELLEVILLE,"FRANCE, BELLEVILLE",48.8711841,2.3866818,52.694,0.0,0.0,0.0,21002241,7000.0,687.68,0.0,0.0,3.47871455232,0.0,3.47871455232
160,2021-06-21 00:00:00.000,6-2021,3403434,WAREHOUSE PARIS AREA 1,FRANCE,CHALONS-EN-CHAMPAGNE,9066250-50,FRANCE,GAEL,"FRANCE, GAEL",48.1166824,-2.2346397,667.613,0.0,0.0,0.0,21022334,14221.0,1531.4856799999998,0.0,0.0,98.15421593105664,0.0,98.15421593105664
161,2021-06-22 00:00:00.000,6-2021,3403434,WAREHOUSE PARIS AREA 1,FRANCE,CHALONS-EN-CHAMPAGNE,5029913-13,FRANCE,MOISSY-CRAMAYEL,"FRANCE, MOISSY-CRAMAYEL",48.6246665,2.5957563,288.437,0.0,0.0,0.0,21039330,4500.0,306.54,0.0,0.0,8.488077886080001,0.0,8.488077886080001
162,2021-06-22 00:00:00.000,6-2021,3403434,WAREHOUSE PARIS AREA 1,FRANCE,CHALONS-EN-CHAMPAGNE,5340669-69,GERMANY,PEINE - WOLTORF,"GERMANY, PEINE - WOLTORF",52.304594,10.3125211,856.0,0.0,0.0,0.0,21002161,9600.0,416.88,0.0,0.0,34.25753088,0.0,34.25753088
163,2021-06-24 00:00:00.000,6-2021,3403434,WAREHOUSE PARIS AREA 1,FRANCE,CHALONS-EN-CHAMPAGNE,5029913-13,FRANCE,MOISSY-CRAMAYEL,"FRANCE, MOISSY-CRAMAYEL",48.6246665,2.5957563,288.437,0.0,0.0,0.0,21039691,10884.0,442.2712,0.0,0.0,12.246468298982402,0.0,12.246468298982402
164,2021-06-25 00:00:00.000,6-2021,3403434,WAREHOUSE PARIS AREA 1,FRANCE,CHALONS-EN-CHAMPAGNE,5340672-72,FRANCE,BELLEVILLE,"FRANCE, BELLEVILLE",48.8711841,2.3866818,52.694,0.0,0.0,0.0,21002162,9600.0,416.88,0.0,0.0,2.10883917312,0.0,2.10883917312
165,2021-06-25 00:00:00.000,6-2021,3403434,WAREHOUSE PARIS AREA 1,FRANCE,CHALONS-EN-CHAMPAGNE,5340672-72,FRANCE,BELLEVILLE,"FRANCE, BELLEVILLE",48.8711841,2.3866818,52.694,0.0,0.0,0.0,21002249,9600.0,416.88,0.0,0.0,2.10883917312,0.0,2.10883917312
166,2021-06-25 00:00:00.000,6-2021,3403434,WAREHOUSE PARIS AREA 1,FRANCE,CHALONS-EN-CHAMPAGNE,5340672-72,FRANCE,BELLEVILLE,"FRANCE, BELLEVILLE",48.8711841,2.3866818,52.694,0.0,0.0,0.0,21002368,14120.0,1104.9759999999999,0.0,0.0,5.589658113024,0.0,5.589658113024
167,2021-06-28 00:00:00.000,6-2021,3403434,WAREHOUSE PARIS AREA 1,FRANCE,CHALONS-EN-CHAMPAGNE,5002915-15,FRANCE,LES ANGLES,"FRANCE, LES ANGLES",42.5796783,2.04895,765.728,0.0,0.0,0.0,21024888,2128.0,103.89851999999999,0.0,0.0,7.637568568565759,0.0,7.637568568565759
168,2021-06-29 00:00:00.000,6-2021,3403434,WAREHOUSE PARIS AREA 1,FRANCE,CHALONS-EN-CHAMPAGNE,5003269-69,FRANCE,MACON,"FRANCE, MACON",48.878552,2.2801174,478.723,0.0,0.0,0.0,21042056,986.0,200.97639999999998,0.0,0.0,9.236354413171199,0.0,9.236354413171199
169,2021-06-29 00:00:00.000,6-2021,3403434,WAREHOUSE PARIS AREA 1,FRANCE,CHALONS-EN-CHAMPAGNE,5340669-69,GERMANY,PEINE - WOLTORF,"GERMANY, PEINE - WOLTORF",52.304594,10.3125211,856.0,0.0,0.0,0.0,21002364,9056.0,308.2432,0.0,0.0,25.3301932032,0.0,25.3301932032
170,2021-06-29 00:00:00.000,6-2021,3403434,WAREHOUSE PARIS AREA 1,FRANCE,CHALONS-EN-CHAMPAGNE,5397843-43,FRANCE,SUCY EN BRIE,"FRANCE, SUCY EN BRIE",48.7688096,2.537369,281.488,0.0,0.0,0.0,21042466,1590.0,32.35080000000001,0.0,0.0,0.8742107510784002,0.0,0.8742107510784002
171,2021-07-01 00:00:00.000,6-2021,3403434,WAREHOUSE PARIS AREA 1,FRANCE,CHALONS-EN-CHAMPAGNE,5003474-74,FRANCE,ORLY,"FRANCE, ORLY",48.7402273,2.402965,287.11,0.0,0.0,0.0,21017001,2195.0,105.26729999999999,0.0,0.0,2.901436272288,0.0,2.901436272288
172,2021-07-01 00:00:00.000,6-2021,3403434,WAREHOUSE PARIS AREA 1,FRANCE,CHALONS-EN-CHAMPAGNE,5003474-74,FRANCE,ORLY,"FRANCE, ORLY",48.7402273,2.402965,287.11,0.0,0.0,0.0,21017024,15899.0,640.5693799999999,0.0,0.0,17.6557319704128,0.0,17.6557319704128
173,2021-07-01 00:00:00.000,6-2021,3403434,WAREHOUSE PARIS AREA 1,FRANCE,CHALONS-EN-CHAMPAGNE,5029913-13,FRANCE,MOISSY-CRAMAYEL,"FRANCE, MOISSY-CRAMAYEL",48.6246665,2.5957563,288.437,0.0,0.0,0.0,21041545,1800.0,93.6,0.0,0.0,2.5917795071999996,0.0,2.5917795071999996
174,2021-07-02 00:00:00.000,6-2021,3403434,WAREHOUSE PARIS AREA 1,FRANCE,CHALONS-EN-CHAMPAGNE,9066250-50,FRANCE,GAEL,"FRANCE, GAEL",48.1166824,-2.2346397,667.613,0.0,0.0,0.0,21022259,1860.0,110.949,0.0,0.0,7.110815494752001,0.0,7.110815494752001
175,2021-07-05 00:00:00.000,7-2021,3403434,WAREHOUSE PARIS AREA 1,FRANCE,CHALONS-EN-CHAMPAGNE,5002915-15,FRANCE,LES ANGLES,"FRANCE, LES ANGLES",42.5796783,2.04895,765.728,0.0,0.0,0.0,21024956,7982.0,924.50735,0.0,0.0,67.9604317536768,0.0,67.9604317536768
176,2021-07-05 00:00:00.000,7-2021,3403434,WAREHOUSE PARIS AREA 1,FRANCE,CHALONS-EN-CHAMPAGNE,5003476-76,FRANCE,VITRY SUR SEINE,"FRANCE, VITRY SUR SEINE",48.7892629,2.395103,284.851,0.0,0.0,0.0,21017027,14085.0,1082.33477,0.0,0.0,29.59719759064992,0.0,29.59719759064992
177,2021-07-05 00:00:00.000,7-2021,3403434,WAREHOUSE PARIS AREA 1,FRANCE,CHALONS-EN-CHAMPAGNE,5003476-76,FRANCE,VITRY SUR SEINE,"FRANCE, VITRY SUR SEINE",48.7892629,2.395103,284.851,0.0,0.0,0.0,21017041,3794.0,277.96999999999997,0.0,0.0,7.60128311712,0.0,7.60128311712
178,2021-07-06 00:00:00.000,7-2021,3403434,WAREHOUSE PARIS AREA 1,FRANCE,CHALONS-EN-CHAMPAGNE,5029913-13,FRANCE,MOISSY-CRAMAYEL,"FRANCE, MOISSY-CRAMAYEL",48.6246665,2.5957563,288.437,0.0,0.0,0.0,21045794,3540.0,333.84,0.0,0.0,9.24401357568,0.0,9.24401357568
179,2021-07-06 00:00:00.000,7-2021,3403434,WAREHOUSE PARIS AREA 1,FRANCE,CHALONS-EN-CHAMPAGNE,5340672-72,FRANCE,BELLEVILLE,"FRANCE, BELLEVILLE",48.8711841,2.3866818,52.694,0.0,0.0,0.0,21002434,11730.0,1019.904,0.0,0.0,5.1593108520960005,0.0,5.1593108520960005
180,2021-07-07 00:00:00.000,7-2021,3403434,WAREHOUSE PARIS AREA 1,FRANCE,CHALONS-EN-CHAMPAGNE,5029913-13,FRANCE,MOISSY-CRAMAYEL,"FRANCE, MOISSY-CRAMAYEL",48.6246665,2.5957563,288.437,0.0,0.0,0.0,21029110,4390.0,194.6062999999999,0.0,0.0,5.388639105897598,0.0,5.388639105897598
181,2021-07-07 00:00:00.000,7-2021,3403434,WAREHOUSE PARIS AREA 1,FRANCE,CHALONS-EN-CHAMPAGNE,5029913-13,FRANCE,MOISSY-CRAMAYEL,"FRANCE, MOISSY-CRAMAYEL",48.6246665,2.5957563,288.437,0.0,0.0,0.0,21040111,83665.0,3691.5395999999996,0.0,0.0,102.21855433009918,0.0,102.21855433009918
182,2021-07-08 00:00:00.000,7-2021,3403434,WAREHOUSE PARIS AREA 1,FRANCE,CHALONS-EN-CHAMPAGNE,5029913-13,FRANCE,MOISSY-CRAMAYEL,"FRANCE, MOISSY-CRAMAYEL",48.6246665,2.5957563,288.437,0.0,0.0,0.0,21046881,720.0,53.279999999999994,0.0,0.0,1.4753206425599998,0.0,1.4753206425599998
183,2021-07-12 00:00:00.000,7-2021,3403434,WAREHOUSE PARIS AREA 1,FRANCE,CHALONS-EN-CHAMPAGNE,5002915-15,FRANCE,LES ANGLES,"FRANCE, LES ANGLES",42.5796783,2.04895,765.728,0.0,0.0,0.0,21048591,1.0,41.38655,0.0,0.0,3.0423206552064,0.0,3.0423206552064
184,2021-07-12 00:00:00.000,7-2021,3403434,WAREHOUSE PARIS AREA 1,FRANCE,CHALONS-EN-CHAMPAGNE,5340669-69,GERMANY,PEINE - WOLTORF,"GERMANY, PEINE - WOLTORF",52.304594,10.3125211,856.0,0.0,0.0,0.0,21002529,10200.0,407.15999999999997,0.0,0.0,33.458780159999996,0.0,33.458780159999996
185,2021-07-12 00:00:00.000,7-2021,3403434,WAREHOUSE PARIS AREA 1,FRANCE,CHALONS-EN-CHAMPAGNE,5340672-72,FRANCE,BELLEVILLE,"FRANCE, BELLEVILLE",48.8711841,2.3866818,52.694,0.0,0.0,0.0,21002518,14076.0,906.9791999999999,0.0,0.0,4.5880667486207996,0.0,4.5880667486207996
186,2021-07-12 00:00:00.000,7-2021,3403434,WAREHOUSE PARIS AREA 1,FRANCE,CHALONS-EN-CHAMPAGNE,5340672-72,FRANCE,BELLEVILLE,"FRANCE, BELLEVILLE",48.8711841,2.3866818,52.694,0.0,0.0,0.0,21002524,13200.0,549.3599999999999,0.0,0.0,2.7790056806399996,0.0,2.7790056806399996
187,2021-07-13 00:00:00.000,7-2021,3403434,WAREHOUSE PARIS AREA 1,FRANCE,CHALONS-EN-CHAMPAGNE,5029913-13,FRANCE,MOISSY-CRAMAYEL,"FRANCE, MOISSY-CRAMAYEL",48.6246665,2.5957563,288.437,0.0,0.0,0.0,21049500,4500.0,306.54,0.0,0.0,8.488077886080001,0.0,8.488077886080001
188,2021-07-15 00:00:00.000,7-2021,3403434,WAREHOUSE PARIS AREA 1,FRANCE,CHALONS-EN-CHAMPAGNE,5006517-17,FRANCE,SERRIS,"FRANCE, SERRIS",48.8453093,2.7873016,256.25,0.0,0.0,0.0,21050564,1212.0,73.813,0.0,0.0,1.8157998000000002,0.0,1.8157998000000002
189,2021-07-19 00:00:00.000,7-2021,3403434,WAREHOUSE PARIS AREA 1,FRANCE,CHALONS-EN-CHAMPAGNE,5029913-13,FRANCE,MOISSY-CRAMAYEL,"FRANCE, MOISSY-CRAMAYEL",48.6246665,2.5957563,288.437,0.0,0.0,0.0,21051187,7360.0,273.0926,0.0,0.0,7.561920985555201,0.0,7.561920985555201
190,2021-07-19 00:00:00.000,7-2021,3403434,WAREHOUSE PARIS AREA 1,FRANCE,CHALONS-EN-CHAMPAGNE,5340669-69,GERMANY,PEINE - WOLTORF,"GERMANY, PEINE - WOLTORF",52.304594,10.3125211,856.0,0.0,0.0,0.0,21002631,17390.0,1531.792,0.0,0.0,125.87653939199998,0.0,125.87653939199998
191,2021-07-21 00:00:00.000,7-2021,3403434,WAREHOUSE PARIS AREA 1,FRANCE,CHALONS-EN-CHAMPAGNE,5029913-13,FRANCE,MOISSY-CRAMAYEL,"FRANCE, MOISSY-CRAMAYEL",48.6246665,2.5957563,288.437,0.0,0.0,0.0,21051816,1600.0,64.0,0.0,0.0,1.772156928,0.0,1.772156928
192,2021-07-22 00:00:00.000,7-2021,3403434,WAREHOUSE PARIS AREA 1,FRANCE,CHALONS-EN-CHAMPAGNE,5003476-76,FRANCE,VITRY SUR SEINE,"FRANCE, VITRY SUR SEINE",48.7892629,2.395103,284.851,0.0,0.0,0.0,21053217,822.0,54.5905,0.0,0.0,1.492815217488,0.0,1.492815217488
193,2021-07-23 00:00:00.000,7-2021,3403434,WAREHOUSE PARIS AREA 1,FRANCE,CHALONS-EN-CHAMPAGNE,5002915-15,FRANCE,LES ANGLES,"FRANCE, LES ANGLES",42.5796783,2.04895,765.728,0.0,0.0,0.0,21051890,1.0,18.9382,0.0,0.0,1.3921449609216,0.0,1.3921449609216
194,2021-07-26 00:00:00.000,7-2021,3403434,WAREHOUSE PARIS AREA 1,FRANCE,CHALONS-EN-CHAMPAGNE,5340672-72,FRANCE,BELLEVILLE,"FRANCE, BELLEVILLE",48.8711841,2.3866818,52.694,0.0,0.0,0.0,21002633,29306.0,2270.7232,0.0,0.0,11.4867348768768,0.0,11.4867348768768
195,2021-07-27 00:00:00.000,7-2021,3403434,WAREHOUSE PARIS AREA 1,FRANCE,CHALONS-EN-CHAMPAGNE,5003451-51,FRANCE,LEVALLOIS PERRET,"FRANCE, LEVALLOIS PERRET",48.8946404,2.2874191,295.165,0.0,0.0,0.0,21057087,1023.0,41.78529999999999,0.0,0.0,1.1840215751519998,0.0,1.1840215751519998
196,2021-07-27 00:00:00.000,7-2021,3403434,WAREHOUSE PARIS AREA 1,FRANCE,CHALONS-EN-CHAMPAGNE,5006517-17,FRANCE,SERRIS,"FRANCE, SERRIS",48.8453093,2.7873016,256.25,0.0,0.0,0.0,21058996,1212.0,73.813,0.0,0.0,1.8157998000000002,0.0,1.8157998000000002
197,2021-07-27 00:00:00.000,7-2021,3403434,WAREHOUSE PARIS AREA 1,FRANCE,CHALONS-EN-CHAMPAGNE,5029913-13,FRANCE,MOISSY-CRAMAYEL,"FRANCE, MOISSY-CRAMAYEL",48.6246665,2.5957563,288.437,0.0,0.0,0.0,21056631,1380.0,82.32,0.0,0.0,2.27943684864,0.0,2.27943684864
198,2021-07-28 00:00:00.000,7-2021,3403434,WAREHOUSE PARIS AREA 1,FRANCE,CHALONS-EN-CHAMPAGNE,5029913-13,FRANCE,MOISSY-CRAMAYEL,"FRANCE, MOISSY-CRAMAYEL",48.6246665,2.5957563,288.437,0.0,0.0,0.0,21058596,1200.0,68.268,0.0,0.0,1.8903376431360002,0.0,1.8903376431360002
199,2021-07-30 00:00:00.000,7-2021,3403434,WAREHOUSE PARIS AREA 1,FRANCE,CHALONS-EN-CHAMPAGNE,115-15,FRANCE,CLICHY CEDEX,"FRANCE, CLICHY CEDEX",48.9040993,2.3041229,293.858,0.0,0.0,0.0,21000867,99.0,12.699300000000001,0.0,0.0,0.3582519263424,0.0,0.3582519263424
200,2021-07-30 00:00:00.000,7-2021,3403434,WAREHOUSE PARIS AREA 1,FRANCE,CHALONS-EN-CHAMPAGNE,5335348-48,UNITED KINGDOM,BRISTOL,"UNITED KINGDOM, BRISTOL",51.468489,-2.5907175,626.0,0.0,44.0,0.0,21005078,65.0,1447.6605,0.0,0.63697062,86.998605408,0.0,87.635576028
201,2021-07-30 00:00:00.000,7-2021,3403434,WAREHOUSE PARIS AREA 1,FRANCE,CHALONS-EN-CHAMPAGNE,5335348-48,UNITED KINGDOM,BRISTOL,"UNITED KINGDOM, BRISTOL",51.468489,-2.5907175,626.0,0.0,44.0,0.0,21005089,160.0,375.67999999999995,0.0,0.16529919999999998,22.576865279999996,0.0,22.742164479999996
202,2021-07-30 00:00:00.000,7-2021,3403434,WAREHOUSE PARIS AREA 1,FRANCE,CHALONS-EN-CHAMPAGNE,5397843-43,FRANCE,SUCY EN BRIE,"FRANCE, SUCY EN BRIE",48.7688096,2.537369,281.488,0.0,0.0,0.0,21055353,4640.0,135.7174,0.0,0.0,3.6674706711551996,0.0,3.6674706711551996
203,2021-08-03 00:00:00.000,8-2021,3403434,WAREHOUSE PARIS AREA 1,FRANCE,CHALONS-EN-CHAMPAGNE,5029913-13,FRANCE,MOISSY-CRAMAYEL,"FRANCE, MOISSY-CRAMAYEL",48.6246665,2.5957563,288.437,0.0,0.0,0.0,21070918,3780.0,351.59999999999997,0.0,0.0,9.7357871232,0.0,9.7357871232
204,2021-08-04 00:00:00.000,8-2021,3403434,WAREHOUSE PARIS AREA 1,FRANCE,CHALONS-EN-CHAMPAGNE,5029913-13,FRANCE,MOISSY-CRAMAYEL,"FRANCE, MOISSY-CRAMAYEL",48.6246665,2.5957563,288.437,0.0,0.0,0.0,21040143,54430.0,2278.3644999999997,0.0,0.0,63.08780364350398,0.0,63.08780364350398
205,2021-08-05 00:00:00.000,8-2021,3403434,WAREHOUSE PARIS AREA 1,FRANCE,CHALONS-EN-CHAMPAGNE,5003476-76,FRANCE,VITRY SUR SEINE,"FRANCE, VITRY SUR SEINE",48.7892629,2.395103,284.851,0.0,0.0,0.0,21017041,96.0,4.8046,0.0,0.0,0.1313851310016,0.0,0.1313851310016
206,2021-08-05 00:00:00.000,8-2021,3403434,WAREHOUSE PARIS AREA 1,FRANCE,CHALONS-EN-CHAMPAGNE,5340669-69,GERMANY,PEINE - WOLTORF,"GERMANY, PEINE - WOLTORF",52.304594,10.3125211,856.0,0.0,0.0,0.0,21002759,16326.0,745.6512,0.0,0.0,61.2746330112,0.0,61.2746330112
207,2021-08-06 00:00:00.000,8-2021,3403434,WAREHOUSE PARIS AREA 1,FRANCE,CHALONS-EN-CHAMPAGNE,5340672-72,FRANCE,BELLEVILLE,"FRANCE, BELLEVILLE",48.8711841,2.3866818,52.694,0.0,0.0,0.0,21002752,33760.0,2475.4399999999996,0.0,0.0,12.522320194559997,0.0,12.522320194559997
208,2021-08-06 00:00:00.000,8-2021,3403434,WAREHOUSE PARIS AREA 1,FRANCE,CHALONS-EN-CHAMPAGNE,5340672-72,FRANCE,BELLEVILLE,"FRANCE, BELLEVILLE",48.8711841,2.3866818,52.694,0.0,0.0,0.0,21002917,44634.0,2957.5008,0.0,0.0,14.960884526899198,0.0,14.960884526899198
209,2021-08-09 00:00:00.000,8-2021,3403434,WAREHOUSE PARIS AREA 1,FRANCE,CHALONS-EN-CHAMPAGNE,5340669-69,GERMANY,PEINE - WOLTORF,"GERMANY, PEINE - WOLTORF",52.304594,10.3125211,856.0,0.0,0.0,0.0,21002921,8662.0,463.6064,0.0,0.0,38.09731952640001,0.0,38.09731952640001
210,2021-08-11 00:00:00.000,8-2021,3403434,WAREHOUSE PARIS AREA 1,FRANCE,CHALONS-EN-CHAMPAGNE,5029913-13,FRANCE,MOISSY-CRAMAYEL,"FRANCE, MOISSY-CRAMAYEL",48.6246665,2.5957563,288.437,0.0,0.0,0.0,21072933,3780.0,208.22400000000002,0.0,0.0,5.765712565248001,0.0,5.765712565248001
211,2021-08-11 00:00:00.000,8-2021,3403434,WAREHOUSE PARIS AREA 1,FRANCE,CHALONS-EN-CHAMPAGNE,5340669-69,GERMANY,PEINE - WOLTORF,"GERMANY, PEINE - WOLTORF",52.304594,10.3125211,856.0,0.0,0.0,0.0,21002768,9600.0,416.88,0.0,0.0,34.25753088,0.0,34.25753088
212,2021-08-11 00:00:00.000,8-2021,3403434,WAREHOUSE PARIS AREA 1,FRANCE,CHALONS-EN-CHAMPAGNE,5340672-72,FRANCE,BELLEVILLE,"FRANCE, BELLEVILLE",48.8711841,2.3866818,52.694,0.0,0.0,0.0,21002763,9600.0,416.88,0.0,0.0,2.10883917312,0.0,2.10883917312
213,2021-08-11 00:00:00.000,8-2021,3403434,WAREHOUSE PARIS AREA 1,FRANCE,CHALONS-EN-CHAMPAGNE,5340672-72,FRANCE,BELLEVILLE,"FRANCE, BELLEVILLE",48.8711841,2.3866818,52.694,0.0,0.0,0.0,21003490,9600.0,416.88,0.0,0.0,2.10883917312,0.0,2.10883917312
214,2021-08-11 00:00:00.000,8-2021,3403434,WAREHOUSE PARIS AREA 1,FRANCE,CHALONS-EN-CHAMPAGNE,5340672-72,FRANCE,BELLEVILLE,"FRANCE, BELLEVILLE",48.8711841,2.3866818,52.694,0.0,0.0,0.0,21003491,30312.0,1982.0063999999998,0.0,0.0,10.0262251431936,0.0,10.0262251431936
215,2021-08-13 00:00:00.000,8-2021,3403434,WAREHOUSE PARIS AREA 1,FRANCE,CHALONS-EN-CHAMPAGNE,5335348-48,UNITED KINGDOM,BRISTOL,"UNITED KINGDOM, BRISTOL",51.468489,-2.5907175,626.0,0.0,44.0,0.0,21005817,184.0,696.2744,0.0,0.306360736,41.8433063424,0.0,42.1496670784
216,2021-08-18 00:00:00.000,8-2021,3403434,WAREHOUSE PARIS AREA 1,FRANCE,CHALONS-EN-CHAMPAGNE,5002915-15,FRANCE,LES ANGLES,"FRANCE, LES ANGLES",42.5796783,2.04895,765.728,0.0,0.0,0.0,21076337,1601.0,100.70444999999998,0.0,0.0,7.402772840601599,0.0,7.402772840601599
217,2021-08-18 00:00:00.000,8-2021,3403434,WAREHOUSE PARIS AREA 1,FRANCE,CHALONS-EN-CHAMPAGNE,5029913-13,FRANCE,MOISSY-CRAMAYEL,"FRANCE, MOISSY-CRAMAYEL",48.6246665,2.5957563,288.437,0.0,0.0,0.0,21050053,6030.0,343.04670000000004,0.0,0.0,9.4989466567584,0.0,9.4989466567584
218,2021-08-18 00:00:00.000,8-2021,3403434,WAREHOUSE PARIS AREA 1,FRANCE,CHALONS-EN-CHAMPAGNE,5029913-13,FRANCE,MOISSY-CRAMAYEL,"FRANCE, MOISSY-CRAMAYEL",48.6246665,2.5957563,288.437,0.0,0.0,0.0,21074546,4710.0,241.548,0.0,0.0,6.688452525696001,0.0,6.688452525696001
219,2021-08-18 00:00:00.000,8-2021,3403434,WAREHOUSE PARIS AREA 1,FRANCE,CHALONS-EN-CHAMPAGNE,5340669-69,GERMANY,PEINE - WOLTORF,"GERMANY, PEINE - WOLTORF",52.304594,10.3125211,856.0,0.0,0.0,0.0,21003504,9072.0,459.73439999999994,0.0,0.0,37.7791340544,0.0,37.7791340544
220,2021-08-18 00:00:00.000,8-2021,3403434,WAREHOUSE PARIS AREA 1,FRANCE,CHALONS-EN-CHAMPAGNE,5340669-69,GERMANY,PEINE - WOLTORF,"GERMANY, PEINE - WOLTORF",52.304594,10.3125211,856.0,0.0,0.0,0.0,21003590,4960.0,249.248,0.0,0.0,20.482203648000002,0.0,20.482203648000002
221,2021-08-19 00:00:00.000,8-2021,3403434,WAREHOUSE PARIS AREA 1,FRANCE,CHALONS-EN-CHAMPAGNE,5029913-13,FRANCE,MOISSY-CRAMAYEL,"FRANCE, MOISSY-CRAMAYEL",48.6246665,2.5957563,288.437,0.0,0.0,0.0,21074348,1380.0,82.32,0.0,0.0,2.27943684864,0.0,2.27943684864
222,2021-08-19 00:00:00.000,8-2021,3403434,WAREHOUSE PARIS AREA 1,FRANCE,CHALONS-EN-CHAMPAGNE,5029913-13,FRANCE,MOISSY-CRAMAYEL,"FRANCE, MOISSY-CRAMAYEL",48.6246665,2.5957563,288.437,0.0,0.0,0.0,21075030,1120.0,107.52,0.0,0.0,2.97722363904,0.0,2.97722363904
223,2021-08-23 00:00:00.000,8-2021,3403434,WAREHOUSE PARIS AREA 1,FRANCE,CHALONS-EN-CHAMPAGNE,5003474-74,FRANCE,ORLY,"FRANCE, ORLY",48.7402273,2.402965,287.11,0.0,0.0,0.0,21077515,922.0,61.39660000000001,0.0,0.0,1.6922474712960003,0.0,1.6922474712960003
224,2021-08-24 00:00:00.000,8-2021,3403434,WAREHOUSE PARIS AREA 1,FRANCE,CHALONS-EN-CHAMPAGNE,5002915-15,FRANCE,LES ANGLES,"FRANCE, LES ANGLES",42.5796783,2.04895,765.728,0.0,0.0,0.0,21077926,1007.0,58.61245,0.0,0.0,4.3085946349056,0.0,4.3085946349056
225,2021-08-24 00:00:00.000,8-2021,3403434,WAREHOUSE PARIS AREA 1,FRANCE,CHALONS-EN-CHAMPAGNE,5340672-72,FRANCE,BELLEVILLE,"FRANCE, BELLEVILLE",48.8711841,2.3866818,52.694,0.0,0.0,0.0,21003591,12736.0,731.1872,0.0,0.0,3.6988011184128,0.0,3.6988011184128
226,2021-08-24 00:00:00.000,8-2021,3403434,WAREHOUSE PARIS AREA 1,FRANCE,CHALONS-EN-CHAMPAGNE,5340672-72,FRANCE,BELLEVILLE,"FRANCE, BELLEVILLE",48.8711841,2.3866818,52.694,0.0,0.0,0.0,21003623,6256.0,227.0432,0.0,0.0,1.1485261805568001,0.0,1.1485261805568001
227,2021-08-24 00:00:00.000,8-2021,3403434,WAREHOUSE PARIS AREA 1,FRANCE,CHALONS-EN-CHAMPAGNE,5340672-72,FRANCE,BELLEVILLE,"FRANCE, BELLEVILLE",48.8711841,2.3866818,52.694,0.0,0.0,0.0,21003624,9600.0,416.88,0.0,0.0,2.10883917312,0.0,2.10883917312
228,2021-08-25 00:00:00.000,8-2021,3403434,WAREHOUSE PARIS AREA 1,FRANCE,CHALONS-EN-CHAMPAGNE,5293132-32,FRANCE,HERLIN LE SEC,"FRANCE, HERLIN LE SEC",50.3544288,2.3317656,353.59,0.0,0.0,0.0,21078778,664.0,44.62167999999999,0.0,0.0,1.5146668637951994,0.0,1.5146668637951994
229,2021-08-25 00:00:00.000,8-2021,3403434,WAREHOUSE PARIS AREA 1,FRANCE,CHALONS-EN-CHAMPAGNE,5340672-72,FRANCE,BELLEVILLE,"FRANCE, BELLEVILLE",48.8711841,2.3866818,52.694,0.0,0.0,0.0,21003647,8960.0,259.84000000000003,0.0,0.0,1.3144328601600002,0.0,1.3144328601600002
230,2021-08-26 00:00:00.000,8-2021,3403434,WAREHOUSE PARIS AREA 1,FRANCE,CHALONS-EN-CHAMPAGNE,5029913-13,FRANCE,MOISSY-CRAMAYEL,"FRANCE, MOISSY-CRAMAYEL",48.6246665,2.5957563,288.437,0.0,0.0,0.0,21077567,4335.0,116.7868,0.0,0.0,3.2338208862336,0.0,3.2338208862336
231,2021-08-30 00:00:00.000,8-2021,3403434,WAREHOUSE PARIS AREA 1,FRANCE,CHALONS-EN-CHAMPAGNE,5003451-51,FRANCE,LEVALLOIS PERRET,"FRANCE, LEVALLOIS PERRET",48.8946404,2.2874191,295.165,0.0,0.0,0.0,21079721,499.0,136.40141,0.0,0.0,3.8650485295344006,0.0,3.8650485295344006
232,2021-08-30 00:00:00.000,8-2021,3403434,WAREHOUSE PARIS AREA 1,FRANCE,CHALONS-EN-CHAMPAGNE,5003474-74,FRANCE,ORLY,"FRANCE, ORLY",48.7402273,2.402965,287.11,0.0,0.0,0.0,21079664,2636.0,199.7638,0.0,0.0,5.506001723328,0.0,5.506001723328
233,2021-08-30 00:00:00.000,8-2021,3403434,WAREHOUSE PARIS AREA 1,FRANCE,CHALONS-EN-CHAMPAGNE,5003476-76,FRANCE,VITRY SUR SEINE,"FRANCE, VITRY SUR SEINE",48.7892629,2.395103,284.851,0.0,0.0,0.0,21079663,1694.0,104.78245999999999,0.0,0.0,2.8653492972921595,0.0,2.8653492972921595
234,2021-08-30 00:00:00.000,8-2021,3403434,WAREHOUSE PARIS AREA 1,FRANCE,CHALONS-EN-CHAMPAGNE,5340672-72,FRANCE,BELLEVILLE,"FRANCE, BELLEVILLE",48.8711841,2.3866818,52.694,0.0,0.0,0.0,21003737,12250.0,1203.4399999999998,0.0,0.0,6.08775046656,0.0,6.08775046656
235,2021-08-31 00:00:00.000,8-2021,3403434,WAREHOUSE PARIS AREA 1,FRANCE,CHALONS-EN-CHAMPAGNE,5003451-51,FRANCE,LEVALLOIS PERRET,"FRANCE, LEVALLOIS PERRET",48.8946404,2.2874191,295.165,0.0,0.0,0.0,21080082,344.0,80.6242,0.0,0.0,2.2845544313280004,0.0,2.2845544313280004
236,2021-08-31 00:00:00.000,8-2021,3403434,WAREHOUSE PARIS AREA 1,FRANCE,CHALONS-EN-CHAMPAGNE,5293132-32,FRANCE,HERLIN LE SEC,"FRANCE, HERLIN LE SEC",50.3544288,2.3317656,353.59,0.0,0.0,0.0,21078842,155.0,12.0365,0.0,0.0,0.4085746593599999,0.0,0.4085746593599999
237,2021-09-01 00:00:00.000,8-2021,3403434,WAREHOUSE PARIS AREA 1,FRANCE,CHALONS-EN-CHAMPAGNE,5029913-13,FRANCE,MOISSY-CRAMAYEL,"FRANCE, MOISSY-CRAMAYEL",48.6246665,2.5957563,288.437,0.0,0.0,0.0,21079105,2520.0,146.88,0.0,0.0,4.06710014976,0.0,4.06710014976
238,2021-09-02 00:00:00.000,8-2021,3403434,WAREHOUSE PARIS AREA 1,FRANCE,CHALONS-EN-CHAMPAGNE,5003474-74,FRANCE,ORLY,"FRANCE, ORLY",48.7402273,2.402965,287.11,0.0,0.0,0.0,21080584,1586.0,70.37169999999999,0.0,0.0,1.939624203552,0.0,1.939624203552
239,2021-09-02 00:00:00.000,8-2021,3403434,WAREHOUSE PARIS AREA 1,FRANCE,CHALONS-EN-CHAMPAGNE,5029913-13,FRANCE,MOISSY-CRAMAYEL,"FRANCE, MOISSY-CRAMAYEL",48.6246665,2.5957563,288.437,0.0,0.0,0.0,21079639,6935.0,250.7462,0.0,0.0,6.9431502421824005,0.0,6.9431502421824005
240,2021-09-03 00:00:00.000,8-2021,3403434,WAREHOUSE PARIS AREA 1,FRANCE,CHALONS-EN-CHAMPAGNE,5003451-51,FRANCE,LEVALLOIS PERRET,"FRANCE, LEVALLOIS PERRET",48.8946404,2.2874191,295.165,0.0,0.0,0.0,21080918,2.0,77.294,0.0,0.0,2.19019041696,0.0,2.19019041696
241,2021-09-03 00:00:00.000,8-2021,3403434,WAREHOUSE PARIS AREA 1,FRANCE,CHALONS-EN-CHAMPAGNE,5003476-76,FRANCE,VITRY SUR SEINE,"FRANCE, VITRY SUR SEINE",48.7892629,2.395103,284.851,0.0,0.0,0.0,21080959,812.0,56.7,0.0,0.0,1.5505009632,0.0,1.5505009632
242,2021-09-07 00:00:00.000,9-2021,3403434,WAREHOUSE PARIS AREA 1,FRANCE,CHALONS-EN-CHAMPAGNE,5340672-72,FRANCE,BELLEVILLE,"FRANCE, BELLEVILLE",48.8711841,2.3866818,52.694,0.0,0.0,0.0,21003788,10500.0,1031.52,0.0,0.0,5.21807182848,0.0,5.21807182848
243,2021-09-08 00:00:00.000,9-2021,3403434,WAREHOUSE PARIS AREA 1,FRANCE,CHALONS-EN-CHAMPAGNE,5029913-13,FRANCE,MOISSY-CRAMAYEL,"FRANCE, MOISSY-CRAMAYEL",48.6246665,2.5957563,288.437,0.0,0.0,0.0,21080882,10070.0,384.4602,0.0,0.0,10.6456844839104,0.0,10.6456844839104
244,2021-09-08 00:00:00.000,9-2021,3403434,WAREHOUSE PARIS AREA 1,FRANCE,CHALONS-EN-CHAMPAGNE,5340672-72,FRANCE,BELLEVILLE,"FRANCE, BELLEVILLE",48.8711841,2.3866818,52.694,0.0,0.0,0.0,21003787,9000.0,426.59999999999997,0.0,0.0,2.1580089984,0.0,2.1580089984
245,2021-09-10 00:00:00.000,9-2021,3403434,WAREHOUSE PARIS AREA 1,FRANCE,CHALONS-EN-CHAMPAGNE,5340669-69,GERMANY,PEINE - WOLTORF,"GERMANY, PEINE - WOLTORF",52.304594,10.3125211,856.0,0.0,0.0,0.0,21003667,9600.0,416.88,0.0,0.0,34.25753088,0.0,34.25753088
246,2021-09-13 00:00:00.000,9-2021,3403434,WAREHOUSE PARIS AREA 1,FRANCE,CHALONS-EN-CHAMPAGNE,5293132-32,FRANCE,HERLIN LE SEC,"FRANCE, HERLIN LE SEC",50.3544288,2.3317656,353.59,0.0,0.0,0.0,21080949,2398.0,113.96212999999999,0.0,0.0,3.868403476483199,0.0,3.868403476483199
247,2021-09-14 00:00:00.000,9-2021,3403434,WAREHOUSE PARIS AREA 1,FRANCE,CHALONS-EN-CHAMPAGNE,5029913-13,FRANCE,MOISSY-CRAMAYEL,"FRANCE, MOISSY-CRAMAYEL",48.6246665,2.5957563,288.437,0.0,0.0,0.0,21081957,960.0,71.03999999999999,0.0,0.0,1.96709419008,0.0,1.96709419008
248,2021-09-14 00:00:00.000,9-2021,3403434,WAREHOUSE PARIS AREA 1,FRANCE,CHALONS-EN-CHAMPAGNE,5397843-43,FRANCE,SUCY EN BRIE,"FRANCE, SUCY EN BRIE",48.7688096,2.537369,281.488,0.0,0.0,0.0,21080529,600.0,14.638000000000002,0.0,0.0,0.39556044902400006,0.0,0.39556044902400006
249,2021-09-15 00:00:00.000,9-2021,3403434,WAREHOUSE PARIS AREA 1,FRANCE,CHALONS-EN-CHAMPAGNE,5029913-13,FRANCE,MOISSY-CRAMAYEL,"FRANCE, MOISSY-CRAMAYEL",48.6246665,2.5957563,288.437,0.0,0.0,0.0,21082159,11175.0,482.88529999999986,0.0,0.0,13.371070778505596,0.0,13.371070778505596
250,2021-09-16 00:00:00.000,9-2021,3403434,WAREHOUSE PARIS AREA 1,FRANCE,CHALONS-EN-CHAMPAGNE,5002915-15,FRANCE,LES ANGLES,"FRANCE, LES ANGLES",42.5796783,2.04895,765.728,0.0,0.0,0.0,21082333,547.0,66.17999999999999,0.0,0.0,4.864884387839999,0.0,4.864884387839999
251,2021-09-17 00:00:00.000,9-2021,3403434,WAREHOUSE PARIS AREA 1,FRANCE,CHALONS-EN-CHAMPAGNE,5340672-72,FRANCE,BELLEVILLE,"FRANCE, BELLEVILLE",48.8711841,2.3866818,52.694,0.0,0.0,0.0,21003919,12416.0,405.68320000000006,0.0,0.0,2.0521987719168004,0.0,2.0521987719168004
252,2021-09-20 00:00:00.000,9-2021,3403434,WAREHOUSE PARIS AREA 1,FRANCE,CHALONS-EN-CHAMPAGNE,5003476-76,FRANCE,VITRY SUR SEINE,"FRANCE, VITRY SUR SEINE",48.7892629,2.395103,284.851,0.0,0.0,0.0,21053218,810.0,53.591499999999996,0.0,0.0,1.4654968671839999,0.0,1.4654968671839999
253,2021-09-21 00:00:00.000,9-2021,3403434,WAREHOUSE PARIS AREA 1,FRANCE,CHALONS-EN-CHAMPAGNE,5029913-13,FRANCE,MOISSY-CRAMAYEL,"FRANCE, MOISSY-CRAMAYEL",48.6246665,2.5957563,288.437,0.0,0.0,0.0,21082898,3300.0,316.08,0.0,0.0,8.75224002816,0.0,8.75224002816
254,2021-09-21 00:00:00.000,9-2021,3403434,WAREHOUSE PARIS AREA 1,FRANCE,CHALONS-EN-CHAMPAGNE,5494889-89,FRANCE,GRETZ ARMAINVILLIERS,"FRANCE, GRETZ ARMAINVILLIERS",48.7535864,2.7272277000000003,268.336,0.0,0.0,0.0,21083303,27752.0,966.9982999999999,0.0,0.0,24.910123759564797,0.0,24.910123759564797
255,2021-09-23 00:00:00.000,9-2021,3403434,WAREHOUSE PARIS AREA 1,FRANCE,CHALONS-EN-CHAMPAGNE,5029913-13,FRANCE,MOISSY-CRAMAYEL,"FRANCE, MOISSY-CRAMAYEL",48.6246665,2.5957563,288.437,0.0,0.0,0.0,21083282,8789.0,416.57660000000004,0.0,0.0,11.534986058323202,0.0,11.534986058323202
256,2021-09-24 00:00:00.000,9-2021,3402002,WAREHOUSE PARIS AREA 2,FRANCE,MONTMIRAIL,5486697-97,BULGARIA,DOLNI BOGROV,"BULGARIA, DOLNI BOGROV",42.7014624,23.4908111,2163.0,0.0,0.0,0.0,21000095,70000.0,1694.0,0.0,0.0,351.755712,0.0,351.755712
257,2021-09-24 00:00:00.000,9-2021,3403434,WAREHOUSE PARIS AREA 1,FRANCE,CHALONS-EN-CHAMPAGNE,5262267-67,MAURITANIA,NOUAKCHOTT,"MAURITANIA, NOUAKCHOTT",18.0671706,-15.9535609,300.0,0.0,3739.0,0.0,21000320,752.0,167.906,0.0,6.27800534,4.8356928,0.0,11.11369814
258,2021-09-24 00:00:00.000,9-2021,3403434,WAREHOUSE PARIS AREA 1,FRANCE,CHALONS-EN-CHAMPAGNE,5397843-43,FRANCE,SUCY EN BRIE,"FRANCE, SUCY EN BRIE",48.7688096,2.537369,281.488,0.0,0.0,0.0,21083761,2410.0,87.0076,0.0,0.0,2.3511931496448,0.0,2.3511931496448
259,2021-09-27 00:00:00.000,9-2021,3403434,WAREHOUSE PARIS AREA 1,FRANCE,CHALONS-EN-CHAMPAGNE,5003451-51,FRANCE,LEVALLOIS PERRET,"FRANCE, LEVALLOIS PERRET",48.8946404,2.2874191,295.165,0.0,0.0,0.0,21083706,871.0,50.52863999999999,0.0,0.0,1.4317714584575998,0.0,1.4317714584575998
260,2021-09-27 00:00:00.000,9-2021,3403434,WAREHOUSE PARIS AREA 1,FRANCE,CHALONS-EN-CHAMPAGNE,5335348-48,UNITED KINGDOM,BRISTOL,"UNITED KINGDOM, BRISTOL",51.468489,-2.5907175,626.0,0.0,44.0,0.0,21006978,339.0,509.856,0.0,0.22433664,30.640306176,0.0,30.864642816
261,2021-09-28 00:00:00.000,9-2021,3403434,WAREHOUSE PARIS AREA 1,FRANCE,CHALONS-EN-CHAMPAGNE,5006517-17,FRANCE,SERRIS,"FRANCE, SERRIS",48.8453093,2.7873016,256.25,0.0,0.0,0.0,21084109,400.0,19.858000000000004,0.0,0.0,0.4885068000000001,0.0,0.4885068000000001
262,2021-09-28 00:00:00.000,9-2021,3403434,WAREHOUSE PARIS AREA 1,FRANCE,CHALONS-EN-CHAMPAGNE,5029913-13,FRANCE,MOISSY-CRAMAYEL,"FRANCE, MOISSY-CRAMAYEL",48.6246665,2.5957563,288.437,0.0,0.0,0.0,21083888,1860.0,117.83999999999999,0.0,0.0,3.2629839436799997,0.0,3.2629839436799997
263,2021-09-28 00:00:00.000,9-2021,3403434,WAREHOUSE PARIS AREA 1,FRANCE,CHALONS-EN-CHAMPAGNE,5494889-89,FRANCE,GRETZ ARMAINVILLIERS,"FRANCE, GRETZ ARMAINVILLIERS",48.7535864,2.7272277000000003,268.336,0.0,0.0,0.0,21084026,13558.0,573.9897,0.0,0.0,14.786121613363198,0.0,14.786121613363198
264,2021-09-29 00:00:00.000,9-2021,3403434,WAREHOUSE PARIS AREA 1,FRANCE,CHALONS-EN-CHAMPAGNE,5029913-13,FRANCE,MOISSY-CRAMAYEL,"FRANCE, MOISSY-CRAMAYEL",48.6246665,2.5957563,288.437,0.0,0.0,0.0,21084150,4396.0,129.2776,0.0,0.0,3.579690538675201,0.0,3.579690538675201
265,2021-09-30 00:00:00.000,9-2021,3403434,WAREHOUSE PARIS AREA 1,FRANCE,CHALONS-EN-CHAMPAGNE,5003474-74,FRANCE,ORLY,"FRANCE, ORLY",48.7402273,2.402965,287.11,0.0,0.0,0.0,21083937,2253.0,119.07208999999999,0.0,0.0,3.2819316249504,0.0,3.2819316249504
266,2021-10-04 00:00:00.000,10-2021,3403434,WAREHOUSE PARIS AREA 1,FRANCE,CHALONS-EN-CHAMPAGNE,5003476-76,FRANCE,VITRY SUR SEINE,"FRANCE, VITRY SUR SEINE",48.7892629,2.395103,284.851,0.0,0.0,0.0,21084209,655.0,32.887,0.0,0.0,0.899317904352,0.0,0.899317904352
267,2021-10-05 00:00:00.000,10-2021,3403434,WAREHOUSE PARIS AREA 1,FRANCE,CHALONS-EN-CHAMPAGNE,5029913-13,FRANCE,MOISSY-CRAMAYEL,"FRANCE, MOISSY-CRAMAYEL",48.6246665,2.5957563,288.437,0.0,0.0,0.0,21084781,2500.0,110.8,0.0,0.0,3.0680466816000003,0.0,3.0680466816000003
268,2021-10-05 00:00:00.000,10-2021,3403434,WAREHOUSE PARIS AREA 1,FRANCE,CHALONS-EN-CHAMPAGNE,5494889-89,FRANCE,GRETZ ARMAINVILLIERS,"FRANCE, GRETZ ARMAINVILLIERS",48.7535864,2.7272277000000003,268.336,0.0,0.0,0.0,21084936,17372.0,711.4575699999999,0.0,0.0,18.32732913633792,0.0,18.32732913633792
269,2021-10-06 00:00:00.000,10-2021,3403434,WAREHOUSE PARIS AREA 1,FRANCE,CHALONS-EN-CHAMPAGNE,5029913-13,FRANCE,MOISSY-CRAMAYEL,"FRANCE, MOISSY-CRAMAYEL",48.6246665,2.5957563,288.437,0.0,0.0,0.0,21085068,2520.0,72.68699999999995,0.0,0.0,2.0126995410239994,0.0,2.0126995410239994
270,2021-10-06 00:00:00.000,10-2021,3403434,WAREHOUSE PARIS AREA 1,FRANCE,CHALONS-EN-CHAMPAGNE,5340672-72,FRANCE,BELLEVILLE,"FRANCE, BELLEVILLE",48.8711841,2.3866818,52.694,0.0,0.0,0.0,21004175,12000.0,1893.0,0.0,0.0,9.575975232000001,0.0,9.575975232000001
271,2021-10-08 00:00:00.000,10-2021,3403434,WAREHOUSE PARIS AREA 1,FRANCE,CHALONS-EN-CHAMPAGNE,5340669-69,GERMANY,PEINE - WOLTORF,"GERMANY, PEINE - WOLTORF",52.304594,10.3125211,856.0,0.0,0.0,0.0,21004201,12000.0,1893.0,0.0,0.0,155.559168,0.0,155.559168
272,2021-10-11 00:00:00.000,10-2021,3403434,WAREHOUSE PARIS AREA 1,FRANCE,CHALONS-EN-CHAMPAGNE,5334855-55,UNITED KINGDOM,KENT,"UNITED KINGDOM, KENT",51.1963962,0.7426441,409.0,0.0,44.0,0.0,21008771,790.0,31.977299999999993,0.0,0.014070011999999996,1.2555567071999998,0.0,1.2696267191999997
273,2021-10-11 00:00:00.000,10-2021,3403434,WAREHOUSE PARIS AREA 1,FRANCE,CHALONS-EN-CHAMPAGNE,5335348-48,UNITED KINGDOM,BRISTOL,"UNITED KINGDOM, BRISTOL",51.468489,-2.5907175,626.0,0.0,44.0,0.0,21008607,108.0,726.462,0.0,0.31964328,43.657460351999994,0.0,43.977103631999995
274,2021-10-12 00:00:00.000,10-2021,3403434,WAREHOUSE PARIS AREA 1,FRANCE,CHALONS-EN-CHAMPAGNE,5003476-76,FRANCE,VITRY SUR SEINE,"FRANCE, VITRY SUR SEINE",48.7892629,2.395103,284.851,0.0,0.0,0.0,21086059,1728.0,85.1925,0.0,0.0,2.32964820648,0.0,2.32964820648
275,2021-10-13 00:00:00.000,10-2021,3403434,WAREHOUSE PARIS AREA 1,FRANCE,CHALONS-EN-CHAMPAGNE,5002915-15,FRANCE,LES ANGLES,"FRANCE, LES ANGLES",42.5796783,2.04895,765.728,0.0,0.0,0.0,21086664,2605.0,106.10490999999998,0.0,0.0,7.799760050350078,0.0,7.799760050350078
276,2021-10-13 00:00:00.000,10-2021,3403434,WAREHOUSE PARIS AREA 1,FRANCE,CHALONS-EN-CHAMPAGNE,5003451-51,FRANCE,LEVALLOIS PERRET,"FRANCE, LEVALLOIS PERRET",48.8946404,2.2874191,295.165,0.0,0.0,0.0,21086094,3003.0,128.29401999999996,0.0,0.0,3.635318823676799,0.0,3.635318823676799
277,2021-10-13 00:00:00.000,10-2021,3403434,WAREHOUSE PARIS AREA 1,FRANCE,CHALONS-EN-CHAMPAGNE,5029913-13,FRANCE,MOISSY-CRAMAYEL,"FRANCE, MOISSY-CRAMAYEL",48.6246665,2.5957563,288.437,0.0,0.0,0.0,21086746,7310.0,227.95180000000002,0.0,0.0,6.3119744003136,0.0,6.3119744003136
278,2021-10-13 00:00:00.000,10-2021,3403434,WAREHOUSE PARIS AREA 1,FRANCE,CHALONS-EN-CHAMPAGNE,5340672-72,FRANCE,BELLEVILLE,"FRANCE, BELLEVILLE",48.8711841,2.3866818,52.694,0.0,0.0,0.0,21004240,6560.0,578.8287999999997,0.0,0.0,2.928077259571199,0.0,2.928077259571199
279,2021-10-13 00:00:00.000,10-2021,3403434,WAREHOUSE PARIS AREA 1,FRANCE,CHALONS-EN-CHAMPAGNE,5340672-72,FRANCE,BELLEVILLE,"FRANCE, BELLEVILLE",48.8711841,2.3866818,52.694,0.0,0.0,0.0,21004323,19800.0,824.04,0.0,0.0,4.168508520960001,0.0,4.168508520960001
280,2021-10-15 00:00:00.000,10-2021,3403434,WAREHOUSE PARIS AREA 1,FRANCE,CHALONS-EN-CHAMPAGNE,5006517-17,FRANCE,SERRIS,"FRANCE, SERRIS",48.8453093,2.7873016,256.25,0.0,0.0,0.0,21087556,352.0,26.636,0.0,0.0,0.6552456,0.0,0.6552456
281,2021-10-15 00:00:00.000,10-2021,3403434,WAREHOUSE PARIS AREA 1,FRANCE,CHALONS-EN-CHAMPAGNE,5340669-69,GERMANY,PEINE - WOLTORF,"GERMANY, PEINE - WOLTORF",52.304594,10.3125211,856.0,0.0,0.0,0.0,21004325,6000.0,284.4,0.0,0.0,23.3708544,0.0,23.3708544
282,2021-10-15 00:00:00.000,10-2021,3403434,WAREHOUSE PARIS AREA 1,FRANCE,CHALONS-EN-CHAMPAGNE,5340669-69,GERMANY,PEINE - WOLTORF,"GERMANY, PEINE - WOLTORF",52.304594,10.3125211,856.0,0.0,0.0,0.0,21004326,6560.0,578.8287999999997,0.0,0.0,47.565835468799975,0.0,47.565835468799975
283,2021-10-19 00:00:00.000,10-2021,3403434,WAREHOUSE PARIS AREA 1,FRANCE,CHALONS-EN-CHAMPAGNE,5029913-13,FRANCE,MOISSY-CRAMAYEL,"FRANCE, MOISSY-CRAMAYEL",48.6246665,2.5957563,288.437,0.0,0.0,0.0,21087871,4500.0,306.54,0.0,0.0,8.488077886080001,0.0,8.488077886080001
284,2021-10-20 00:00:00.000,10-2021,3403434,WAREHOUSE PARIS AREA 1,FRANCE,CHALONS-EN-CHAMPAGNE,5029913-13,FRANCE,MOISSY-CRAMAYEL,"FRANCE, MOISSY-CRAMAYEL",48.6246665,2.5957563,288.437,0.0,0.0,0.0,21088284,8119.0,386.084,0.0,0.0,10.690647427968,0.0,10.690647427968
285,2021-10-21 00:00:00.000,10-2021,3403434,WAREHOUSE PARIS AREA 1,FRANCE,CHALONS-EN-CHAMPAGNE,5003474-74,FRANCE,ORLY,"FRANCE, ORLY",48.7402273,2.402965,287.11,0.0,0.0,0.0,21088400,552.0,31.239699999999992,0.0,0.0,0.8610461056319999,0.0,0.8610461056319999
286,2021-10-26 00:00:00.000,10-2021,3403434,WAREHOUSE PARIS AREA 1,FRANCE,CHALONS-EN-CHAMPAGNE,5340672-72,FRANCE,BELLEVILLE,"FRANCE, BELLEVILLE",48.8711841,2.3866818,52.694,0.0,0.0,0.0,21004398,9040.0,416.7487999999997,0.0,0.0,2.1081754816511986,0.0,2.1081754816511986
287,2021-10-27 00:00:00.000,10-2021,3403434,WAREHOUSE PARIS AREA 1,FRANCE,CHALONS-EN-CHAMPAGNE,5029913-13,FRANCE,MOISSY-CRAMAYEL,"FRANCE, MOISSY-CRAMAYEL",48.6246665,2.5957563,288.437,0.0,0.0,0.0,21089663,13515.0,493.52419999999995,0.0,0.0,13.665661408838401,0.0,13.665661408838401
288,2021-10-27 00:00:00.000,10-2021,3403434,WAREHOUSE PARIS AREA 1,FRANCE,CHALONS-EN-CHAMPAGNE,5334855-55,UNITED KINGDOM,KENT,"UNITED KINGDOM, KENT",51.1963962,0.7426441,409.0,0.0,44.0,0.0,21009276,450.0,35.3493,0.0,0.015553692,1.3879549152000001,0.0,1.4035086072
289,2021-10-28 00:00:00.000,10-2021,3403434,WAREHOUSE PARIS AREA 1,FRANCE,CHALONS-EN-CHAMPAGNE,5397843-43,FRANCE,SUCY EN BRIE,"FRANCE, SUCY EN BRIE",48.7688096,2.537369,281.488,0.0,0.0,0.0,21089497,11831.0,367.7138,0.0,0.0,9.9366741249024,0.0,9.9366741249024
290,2021-11-01 00:00:00.000,10-2021,3403434,WAREHOUSE PARIS AREA 1,FRANCE,CHALONS-EN-CHAMPAGNE,5340669-69,GERMANY,PEINE - WOLTORF,"GERMANY, PEINE - WOLTORF",52.304594,10.3125211,856.0,0.0,0.0,0.0,21004473,4400.0,698.8,0.0,0.0,57.424588799999995,0.0,57.424588799999995
